mmsi,vessel_name,vessel_type,base_datetime,lat,lon,sog,cog,heading,is_anomaly,anomaly_type
419088421,MT OCEAN PRIDE,Tanker - Crude,2026-09-04 00:00:00,18.906256,71.375982,11.56,66.3,65.6,0,NORMAL
419088421,MT OCEAN PRIDE,Tanker - Crude,2026-09-04 00:05:00,18.913199,71.392136,12.11,67.6,65.6,0,NORMAL
419088421,MT OCEAN PRIDE,Tanker - Crude,2026-09-04 00:10:00,18.919945,71.407831,11.77,64.6,65.6,0,NORMAL
419088421,MT OCEAN PRIDE,Tanker - Crude,2026-09-04 00:15:00,18.926693,71.423533,11.77,63.8,65.6,0,NORMAL
419088421,MT OCEAN PRIDE,Tanker - Crude,2026-09-04 00:20:00,18.932973,71.438145,10.95,67.5,65.6,0,NORMAL
419088421,MT OCEAN PRIDE,Tanker - Crude,2026-09-04 00:25:00,18.94004,71.454588,12.33,62.6,65.6,0,NORMAL
419088421,MT OCEAN PRIDE,Tanker - Crude,2026-09-04 00:30:00,18.94682,71.470368,11.83,64.1,65.6,0,NORMAL
419088421,MT OCEAN PRIDE,Tanker - Crude,2026-09-04 00:35:00,18.953538,71.486001,11.72,61.3,65.6,0,NORMAL
419088421,MT OCEAN PRIDE,Tanker - Crude,2026-09-04 00:40:00,18.960273,71.501674,11.75,66.8,65.6,0,NORMAL
419088421,MT OCEAN PRIDE,Tanker - Crude,2026-09-04 00:45:00,18.967739,71.51905,13.02,66.4,65.6,0,NORMAL
419088421,MT OCEAN PRIDE,Tanker - Crude,2026-09-04 00:50:00,18.974646,71.535126,12.05,64.6,65.6,0,NORMAL
419088421,MT OCEAN PRIDE,Tanker - Crude,2026-09-04 00:55:00,18.981388,71.550817,11.76,67.5,65.6,0,NORMAL
419088421,MT OCEAN PRIDE,Tanker - Crude,2026-09-04 01:00:00,18.988333,71.566984,12.12,64.3,65.6,0,NORMAL
419088421,MT OCEAN PRIDE,Tanker - Crude,2026-09-04 01:05:00,18.994978,71.582451,11.59,65.3,65.6,0,NORMAL
419088421,MT OCEAN PRIDE,Tanker - Crude,2026-09-04 01:10:00,19.001735,71.59818,11.79,65.6,65.6,0,NORMAL
419088421,MT OCEAN PRIDE,Tanker - Crude,2026-09-04 01:15:00,19.008561,71.614071,11.91,66.4,65.6,0,NORMAL
419088421,MT OCEAN PRIDE,Tanker - Crude,2026-09-04 01:20:00,19.01515,71.62941,11.49,67.8,65.6,0,NORMAL
419088421,MT OCEAN PRIDE,Tanker - Crude,2026-09-04 01:25:00,19.022667,71.646909,13.11,68.0,65.6,0,NORMAL
419088421,MT OCEAN PRIDE,Tanker - Crude,2026-09-04 01:30:00,19.029596,71.663041,12.09,67.4,65.6,0,NORMAL
419088421,MT OCEAN PRIDE,Tanker - Crude,2026-09-04 01:35:00,19.036243,71.678519,11.6,62.5,65.6,0,NORMAL
419088421,MT OCEAN PRIDE,Tanker - Crude,2026-09-04 01:40:00,19.0433,71.69495,12.31,64.5,65.6,0,NORMAL
419088421,MT OCEAN PRIDE,Tanker - Crude,2026-09-04 01:45:00,19.04987,71.710248,11.46,63.9,65.6,0,NORMAL
419088421,MT OCEAN PRIDE,Tanker - Crude,2026-09-04 01:50:00,19.05649,71.725663,11.55,65.9,65.6,0,NORMAL
419088421,MT OCEAN PRIDE,Tanker - Crude,2026-09-04 01:55:00,19.063503,71.741993,12.23,67.4,65.6,0,NORMAL
419088421,MT OCEAN PRIDE,Tanker - Crude,2026-09-04 02:00:00,19.070587,71.758491,12.36,67.1,65.6,0,NORMAL
419088421,MT OCEAN PRIDE,Tanker - Crude,2026-09-04 02:05:00,19.077418,71.774401,11.92,64.4,65.6,0,NORMAL
419088421,MT OCEAN PRIDE,Tanker - Crude,2026-09-04 02:10:00,19.083952,71.789616,11.4,67.8,65.6,0,NORMAL
419088421,MT OCEAN PRIDE,Tanker - Crude,2026-09-04 02:15:00,19.09079,71.805543,11.93,64.8,65.6,0,NORMAL
419088421,MT OCEAN PRIDE,Tanker - Crude,2026-09-04 02:20:00,19.09794,71.822196,12.47,63.8,65.6,0,NORMAL
419088421,MT OCEAN PRIDE,Tanker - Crude,2026-09-04 02:25:00,19.10501,71.838665,12.33,66.2,65.6,0,NORMAL
419088421,MT OCEAN PRIDE,Tanker - Crude,2026-09-04 02:30:00,19.111651,71.854134,11.58,65.5,65.6,0,NORMAL
419088421,MT OCEAN PRIDE,Tanker - Crude,2026-09-04 02:35:00,19.118753,71.870679,12.39,67.2,65.6,0,NORMAL
419088421,MT OCEAN PRIDE,Tanker - Crude,2026-09-04 02:40:00,19.125975,71.887503,12.6,66.3,65.6,0,NORMAL
419088421,MT OCEAN PRIDE,Tanker - Crude,2026-09-04 02:45:00,19.133628,71.90533,13.35,63.8,65.6,0,NORMAL
419088421,MT OCEAN PRIDE,Tanker - Crude,2026-09-04 02:50:00,19.140415,71.921144,11.84,65.5,65.6,0,NORMAL
419088421,MT OCEAN PRIDE,Tanker - Crude,2026-09-04 02:55:00,19.146969,71.936413,11.43,67.7,65.6,0,NORMAL
419088421,MT OCEAN PRIDE,Tanker - Crude,2026-09-04 03:00:00,19.154055,71.952924,12.36,65.7,65.6,0,NORMAL
419088421,MT OCEAN PRIDE,Tanker - Crude,2026-09-04 03:05:00,19.160812,71.968667,11.79,62.6,65.6,0,NORMAL
419088421,MT OCEAN PRIDE,Tanker - Crude,2026-09-04 03:10:00,19.16751,71.984274,11.68,67.1,65.6,0,NORMAL
419088421,MT OCEAN PRIDE,Tanker - Crude,2026-09-04 03:15:00,19.17434,72.000191,11.92,64.8,65.6,0,NORMAL
419088421,MT OCEAN PRIDE,Tanker - Crude,2026-09-04 03:20:00,19.181335,72.016489,12.2,67.9,65.6,0,NORMAL
419088421,MT OCEAN PRIDE,Tanker - Crude,2026-09-04 03:25:00,19.188273,72.032658,12.1,66.2,65.6,0,NORMAL
419088421,MT OCEAN PRIDE,Tanker - Crude,2026-09-04 03:30:00,19.195466,72.049423,12.55,66.0,65.6,0,NORMAL
419088421,MT OCEAN PRIDE,Tanker - Crude,2026-09-04 03:35:00,19.202274,72.065291,11.88,67.0,65.6,0,NORMAL
419088421,MT OCEAN PRIDE,Tanker - Crude,2026-09-04 03:40:00,19.209095,72.081187,11.9,64.9,65.6,0,NORMAL
419088421,MT OCEAN PRIDE,Tanker - Crude,2026-09-04 03:45:00,19.216266,72.097901,12.51,65.0,65.6,0,NORMAL
419088421,MT OCEAN PRIDE,Tanker - Crude,2026-09-04 03:50:00,19.222536,72.112517,10.94,66.3,65.6,0,NORMAL
419088421,MT OCEAN PRIDE,Tanker - Crude,2026-09-04 03:55:00,19.229324,72.128341,11.84,65.0,65.6,0,NORMAL
419088421,MT OCEAN PRIDE,Tanker - Crude,2026-09-04 04:00:00,19.236307,72.144619,12.18,65.3,65.6,0,NORMAL
419088421,MT OCEAN PRIDE,Tanker - Crude,2026-09-04 04:05:00,19.243236,72.16077,12.09,61.6,65.6,0,NORMAL
419088421,MT OCEAN PRIDE,Tanker - Crude,2026-09-04 04:10:00,19.249899,72.176304,11.62,68.4,65.6,0,NORMAL
419088421,MT OCEAN PRIDE,Tanker - Crude,2026-09-04 04:15:00,19.256773,72.192332,11.99,62.3,65.6,0,NORMAL
419088421,MT OCEAN PRIDE,Tanker - Crude,2026-09-04 04:20:00,19.263407,72.207797,11.57,63.6,65.6,0,NORMAL
419088421,MT OCEAN PRIDE,Tanker - Crude,2026-09-04 04:25:00,19.270309,72.223891,12.04,64.8,65.6,0,NORMAL
419088421,MT OCEAN PRIDE,Tanker - Crude,2026-09-04 04:30:00,19.277037,72.239578,11.74,65.6,65.6,0,NORMAL
419088421,MT OCEAN PRIDE,Tanker - Crude,2026-09-04 04:35:00,19.284026,72.255874,12.19,65.1,65.6,0,NORMAL
419088421,MT OCEAN PRIDE,Tanker - Crude,2026-09-04 04:40:00,19.290773,72.271608,11.77,64.8,65.6,0,NORMAL
419088421,MT OCEAN PRIDE,Tanker - Crude,2026-09-04 04:45:00,19.29773,72.287832,12.14,65.6,65.6,0,NORMAL
419088421,MT OCEAN PRIDE,Tanker - Crude,2026-09-04 04:50:00,19.304785,72.304285,12.31,63.3,65.6,0,NORMAL
419088421,MT OCEAN PRIDE,Tanker - Crude,2026-09-04 04:55:00,19.311486,72.319914,11.69,67.2,65.6,0,NORMAL
419088421,MT OCEAN PRIDE,Tanker - Crude,2026-09-04 05:00:00,19.318182,72.335529,11.68,68.4,65.6,0,NORMAL
419088421,MT OCEAN PRIDE,Tanker - Crude,2026-09-04 05:05:00,19.325383,72.352325,12.56,68.4,65.6,0,NORMAL
419088421,MT OCEAN PRIDE,Tanker - Crude,2026-09-04 05:10:00,19.33206,72.367899,11.65,65.8,65.6,0,NORMAL
419088421,MT OCEAN PRIDE,Tanker - Crude,2026-09-04 05:15:00,19.338826,72.383682,11.8,67.5,65.6,0,NORMAL
419088421,MT OCEAN PRIDE,Tanker - Crude,2026-09-04 05:20:00,19.346096,72.400641,12.68,67.4,65.6,0,NORMAL
419088421,MT OCEAN PRIDE,Tanker - Crude,2026-09-04 05:25:00,19.352977,72.416693,12.0,64.9,65.6,0,NORMAL
419088421,MT OCEAN PRIDE,Tanker - Crude,2026-09-04 05:30:00,19.360005,72.433089,12.26,63.2,65.6,0,NORMAL
419088421,MT OCEAN PRIDE,Tanker - Crude,2026-09-04 05:35:00,19.367007,72.449424,12.21,63.8,65.6,0,NORMAL
419088421,MT OCEAN PRIDE,Tanker - Crude,2026-09-04 05:40:00,19.374029,72.465806,12.25,65.3,65.6,0,NORMAL
419088421,MT OCEAN PRIDE,Tanker - Crude,2026-09-04 05:45:00,19.380819,72.481648,11.84,63.8,65.6,0,NORMAL
419088421,MT OCEAN PRIDE,Tanker - Crude,2026-09-04 05:50:00,19.387616,72.497508,11.86,66.7,65.6,0,NORMAL
419088421,MT OCEAN PRIDE,Tanker - Crude,2026-09-04 05:55:00,19.394735,72.514118,12.42,66.7,65.6,0,NORMAL
419088421,MT OCEAN PRIDE,Tanker - Crude,2026-09-04 06:00:00,19.401926,72.5309,12.55,70.7,65.6,0,NORMAL
419088421,MT OCEAN PRIDE,Tanker - Crude,2026-09-04 06:05:00,19.408731,72.54678,11.87,65.2,65.6,0,NORMAL
419088421,MT OCEAN PRIDE,Tanker - Crude,2026-09-04 06:10:00,19.41528,72.562062,11.42,68.0,65.6,0,NORMAL
419088421,MT OCEAN PRIDE,Tanker - Crude,2026-09-04 06:15:00,19.422457,72.578812,12.52,63.9,65.6,0,NORMAL
419088421,MT OCEAN PRIDE,Tanker - Crude,2026-09-04 06:20:00,19.429478,72.595198,12.25,68.1,65.6,0,NORMAL
419088421,MT OCEAN PRIDE,Tanker - Crude,2026-09-04 06:25:00,19.436409,72.611374,12.09,67.3,65.6,0,NORMAL
419088421,MT OCEAN PRIDE,Tanker - Crude,2026-09-04 06:30:00,19.443328,72.627524,12.07,63.2,65.6,0,NORMAL
419088421,MT OCEAN PRIDE,Tanker - Crude,2026-09-04 06:35:00,19.450448,72.644143,12.42,68.3,65.6,0,NORMAL
419088421,MT OCEAN PRIDE,Tanker - Crude,2026-09-04 06:40:00,19.457495,72.660594,12.29,63.7,65.6,0,NORMAL
419088421,MT OCEAN PRIDE,Tanker - Crude,2026-09-04 06:45:00,19.464202,72.67625,11.7,63.4,65.6,0,NORMAL
419088421,MT OCEAN PRIDE,Tanker - Crude,2026-09-04 06:50:00,19.471258,72.692721,12.31,68.2,65.6,0,NORMAL
419088421,MT OCEAN PRIDE,Tanker - Crude,2026-09-04 06:55:00,19.478234,72.709008,12.17,67.5,65.6,0,NORMAL
419088421,MT OCEAN PRIDE,Tanker - Crude,2026-09-04 07:00:00,19.484914,72.724604,11.65,65.9,65.6,0,NORMAL
419088421,MT OCEAN PRIDE,Tanker - Crude,2026-09-04 07:05:00,19.491479,72.739932,11.45,64.1,65.6,0,NORMAL
419088421,MT OCEAN PRIDE,Tanker - Crude,2026-09-04 07:10:00,19.49856,72.756464,12.35,65.1,65.6,0,NORMAL
419088421,MT OCEAN PRIDE,Tanker - Crude,2026-09-04 07:15:00,19.505716,72.773174,12.48,66.7,65.6,0,NORMAL
419088421,MT OCEAN PRIDE,Tanker - Crude,2026-09-04 07:20:00,19.513222,72.790701,13.09,65.8,65.6,0,NORMAL
419088421,MT OCEAN PRIDE,Tanker - Crude,2026-09-04 07:25:00,19.519779,72.806012,11.44,65.6,65.6,0,NORMAL
419088421,MT OCEAN PRIDE,Tanker - Crude,2026-09-04 07:30:00,19.526437,72.821561,11.61,67.6,65.6,0,NORMAL
419088421,MT OCEAN PRIDE,Tanker - Crude,2026-09-04 07:35:00,19.533326,72.837649,12.02,65.3,65.6,0,NORMAL
419088421,MT OCEAN PRIDE,Tanker - Crude,2026-09-04 07:40:00,19.540176,72.853648,11.95,67.1,65.6,0,NORMAL
419088421,MT OCEAN PRIDE,Tanker - Crude,2026-09-04 07:45:00,19.546952,72.869473,11.82,67.2,65.6,0,NORMAL
419088421,MT OCEAN PRIDE,Tanker - Crude,2026-09-04 07:50:00,19.55407,72.8861,12.42,64.9,65.6,0,NORMAL
419088421,MT OCEAN PRIDE,Tanker - Crude,2026-09-04 07:55:00,19.560737,72.901672,11.63,64.6,65.6,0,NORMAL
419088421,MT OCEAN PRIDE,Tanker - Crude,2026-09-04 08:00:00,19.567779,72.918121,12.28,65.8,65.6,0,NORMAL
419088421,MT OCEAN PRIDE,Tanker - Crude,2026-09-04 08:05:00,19.574803,72.934528,12.25,69.1,65.6,0,NORMAL
419088421,MT OCEAN PRIDE,Tanker - Crude,2026-09-04 08:10:00,19.581735,72.950722,12.09,64.0,65.6,0,NORMAL
419088421,MT OCEAN PRIDE,Tanker - Crude,2026-09-04 08:15:00,19.588856,72.967359,12.42,65.7,65.6,0,NORMAL
419088421,MT OCEAN PRIDE,Tanker - Crude,2026-09-04 08:20:00,19.595935,72.983898,12.35,67.8,65.6,0,NORMAL
419088421,MT OCEAN PRIDE,Tanker - Crude,2026-09-04 08:25:00,19.595935,72.983898,3.48,67.4,65.6,1,ILLEGAL_DISCHARGE_LOITERING
419088421,MT OCEAN PRIDE,Tanker - Crude,2026-09-04 08:30:00,19.595935,72.983898,3.26,66.1,65.6,1,ILLEGAL_DISCHARGE_LOITERING
419088421,MT OCEAN PRIDE,Tanker - Crude,2026-09-04 08:35:00,19.595935,72.983898,3.37,68.5,65.6,1,ILLEGAL_DISCHARGE_LOITERING
419088421,MT OCEAN PRIDE,Tanker - Crude,2026-09-04 08:40:00,19.595935,72.983898,3.47,67.6,65.6,1,ILLEGAL_DISCHARGE_LOITERING
419088421,MT OCEAN PRIDE,Tanker - Crude,2026-09-04 08:45:00,19.595935,72.983898,3.24,63.3,65.6,1,ILLEGAL_DISCHARGE_LOITERING
419088421,MT OCEAN PRIDE,Tanker - Crude,2026-09-04 08:50:00,19.595935,72.983898,3.23,63.9,65.6,1,ILLEGAL_DISCHARGE_LOITERING
419088421,MT OCEAN PRIDE,Tanker - Crude,2026-09-04 08:55:00,19.595935,72.983898,3.09,62.0,65.6,1,ILLEGAL_DISCHARGE_LOITERING
419088421,MT OCEAN PRIDE,Tanker - Crude,2026-09-04 09:00:00,19.595935,72.983898,3.12,65.8,65.6,1,ILLEGAL_DISCHARGE_LOITERING
419088421,MT OCEAN PRIDE,Tanker - Crude,2026-09-04 09:05:00,19.595935,72.983898,3.13,68.7,65.6,1,ILLEGAL_DISCHARGE_LOITERING
419088421,MT OCEAN PRIDE,Tanker - Crude,2026-09-04 09:10:00,19.595935,72.983898,3.31,63.1,65.6,1,ILLEGAL_DISCHARGE_LOITERING
419088421,MT OCEAN PRIDE,Tanker - Crude,2026-09-04 09:15:00,19.595935,72.983898,3.57,68.3,65.6,1,ILLEGAL_DISCHARGE_LOITERING
419088421,MT OCEAN PRIDE,Tanker - Crude,2026-09-04 09:20:00,19.595935,72.983898,3.2,66.5,65.6,1,ILLEGAL_DISCHARGE_LOITERING
419088421,MT OCEAN PRIDE,Tanker - Crude,2026-09-04 09:25:00,19.595935,72.983898,3.07,64.7,65.6,1,ILLEGAL_DISCHARGE_LOITERING
419088421,MT OCEAN PRIDE,Tanker - Crude,2026-09-04 09:30:00,19.595935,72.983898,3.05,68.9,65.6,1,ILLEGAL_DISCHARGE_LOITERING
419088421,MT OCEAN PRIDE,Tanker - Crude,2026-09-04 09:35:00,19.595935,72.983898,3.14,66.3,65.6,1,ILLEGAL_DISCHARGE_LOITERING
419088421,MT OCEAN PRIDE,Tanker - Crude,2026-09-04 09:40:00,19.595935,72.983898,3.39,68.2,65.6,1,ILLEGAL_DISCHARGE_LOITERING
419088421,MT OCEAN PRIDE,Tanker - Crude,2026-09-04 09:45:00,19.595935,72.983898,3.53,63.0,65.6,1,ILLEGAL_DISCHARGE_LOITERING
419088421,MT OCEAN PRIDE,Tanker - Crude,2026-09-04 09:50:00,19.595935,72.983898,3.05,63.1,65.6,1,ILLEGAL_DISCHARGE_LOITERING
419088421,MT OCEAN PRIDE,Tanker - Crude,2026-09-04 09:55:00,19.595935,72.983898,3.57,65.6,65.6,1,ILLEGAL_DISCHARGE_LOITERING
419088421,MT OCEAN PRIDE,Tanker - Crude,2026-09-04 10:00:00,19.595935,72.983898,2.94,65.4,65.6,1,ILLEGAL_DISCHARGE_LOITERING
419088421,MT OCEAN PRIDE,Tanker - Crude,2026-09-04 10:05:00,19.595935,72.983898,2.94,68.7,65.6,1,ILLEGAL_DISCHARGE_LOITERING
419088421,MT OCEAN PRIDE,Tanker - Crude,2026-09-04 10:10:00,19.595935,72.983898,3.17,64.7,65.6,1,ILLEGAL_DISCHARGE_LOITERING
419088421,MT OCEAN PRIDE,Tanker - Crude,2026-09-04 10:15:00,19.595935,72.983898,3.67,66.4,65.6,1,ILLEGAL_DISCHARGE_LOITERING
419088421,MT OCEAN PRIDE,Tanker - Crude,2026-09-04 10:20:00,19.595935,72.983898,3.16,65.7,65.6,1,ILLEGAL_DISCHARGE_LOITERING
419088421,MT OCEAN PRIDE,Tanker - Crude,2026-09-04 10:25:00,19.595935,72.983898,3.23,61.8,65.6,1,ILLEGAL_DISCHARGE_LOITERING
419088421,MT OCEAN PRIDE,Tanker - Crude,2026-09-04 10:30:00,19.595935,72.983898,3.08,69.8,65.6,1,ILLEGAL_DISCHARGE_LOITERING
419088421,MT OCEAN PRIDE,Tanker - Crude,2026-09-04 10:35:00,19.595935,72.983898,3.21,66.5,65.6,1,ILLEGAL_DISCHARGE_LOITERING
419088421,MT OCEAN PRIDE,Tanker - Crude,2026-09-04 10:40:00,19.595935,72.983898,3.1,66.0,65.6,1,ILLEGAL_DISCHARGE_LOITERING
419088421,MT OCEAN PRIDE,Tanker - Crude,2026-09-04 10:45:00,19.595935,72.983898,3.11,64.4,65.6,1,ILLEGAL_DISCHARGE_LOITERING
419088421,MT OCEAN PRIDE,Tanker - Crude,2026-09-04 10:50:00,19.595935,72.983898,3.39,68.5,65.6,1,ILLEGAL_DISCHARGE_LOITERING
419088421,MT OCEAN PRIDE,Tanker - Crude,2026-09-04 10:55:00,19.595935,72.983898,3.32,64.4,65.6,1,ILLEGAL_DISCHARGE_LOITERING
419088421,MT OCEAN PRIDE,Tanker - Crude,2026-09-04 11:00:00,19.595935,72.983898,3.31,64.2,65.6,1,ILLEGAL_DISCHARGE_LOITERING
419088421,MT OCEAN PRIDE,Tanker - Crude,2026-09-04 11:05:00,19.595935,72.983898,2.96,64.3,65.6,1,ILLEGAL_DISCHARGE_LOITERING
419088421,MT OCEAN PRIDE,Tanker - Crude,2026-09-04 11:10:00,19.595935,72.983898,3.51,64.7,65.6,1,ILLEGAL_DISCHARGE_LOITERING
419088421,MT OCEAN PRIDE,Tanker - Crude,2026-09-04 11:15:00,19.595935,72.983898,3.25,65.6,65.6,1,ILLEGAL_DISCHARGE_LOITERING
419088421,MT OCEAN PRIDE,Tanker - Crude,2026-09-04 11:20:00,19.595935,72.983898,3.1,67.5,65.6,1,ILLEGAL_DISCHARGE_LOITERING
419088421,MT OCEAN PRIDE,Tanker - Crude,2026-09-04 11:25:00,19.595935,72.983898,3.37,65.1,65.6,1,ILLEGAL_DISCHARGE_LOITERING
419088421,MT OCEAN PRIDE,Tanker - Crude,2026-09-04 11:30:00,19.595935,72.983898,3.58,67.8,65.6,1,ILLEGAL_DISCHARGE_LOITERING
419088421,MT OCEAN PRIDE,Tanker - Crude,2026-09-04 11:35:00,19.595935,72.983898,3.11,68.0,65.6,1,ILLEGAL_DISCHARGE_LOITERING
419088421,MT OCEAN PRIDE,Tanker - Crude,2026-09-04 11:40:00,19.60254,72.999329,11.52,67.2,65.6,0,NORMAL
419088421,MT OCEAN PRIDE,Tanker - Crude,2026-09-04 11:45:00,19.609572,73.015759,12.27,64.2,65.6,0,NORMAL
419088421,MT OCEAN PRIDE,Tanker - Crude,2026-09-04 11:50:00,19.616449,73.031828,12.0,61.4,65.6,0,NORMAL
419088421,MT OCEAN PRIDE,Tanker - Crude,2026-09-04 11:55:00,19.623734,73.048851,12.71,65.0,65.6,0,NORMAL
419088421,MT OCEAN PRIDE,Tanker - Crude,2026-09-04 12:00:00,19.630798,73.065356,12.32,66.8,65.6,0,NORMAL
419088421,MT OCEAN PRIDE,Tanker - Crude,2026-09-04 12:05:00,19.637988,73.08216,12.54,64.8,65.6,0,NORMAL
419088421,MT OCEAN PRIDE,Tanker - Crude,2026-09-04 12:10:00,19.644914,73.098345,12.08,66.7,65.6,0,NORMAL
419088421,MT OCEAN PRIDE,Tanker - Crude,2026-09-04 12:15:00,19.651993,73.11489,12.35,67.9,65.6,0,NORMAL
419088421,MT OCEAN PRIDE,Tanker - Crude,2026-09-04 12:20:00,19.658763,73.130712,11.81,64.3,65.6,0,NORMAL
419088421,MT OCEAN PRIDE,Tanker - Crude,2026-09-04 12:25:00,19.665954,73.147519,12.54,61.5,65.6,0,NORMAL
419088421,MT OCEAN PRIDE,Tanker - Crude,2026-09-04 12:30:00,19.673193,73.16444,12.63,65.0,65.6,0,NORMAL
419088421,MT OCEAN PRIDE,Tanker - Crude,2026-09-04 12:35:00,19.680071,73.180517,12.0,64.3,65.6,0,NORMAL
419088421,MT OCEAN PRIDE,Tanker - Crude,2026-09-04 12:40:00,19.686939,73.196572,11.98,68.2,65.6,0,NORMAL
419088421,MT OCEAN PRIDE,Tanker - Crude,2026-09-04 12:45:00,19.693995,73.213067,12.31,66.6,65.6,0,NORMAL
419088421,MT OCEAN PRIDE,Tanker - Crude,2026-09-04 12:50:00,19.700894,73.229196,12.04,62.7,65.6,0,NORMAL
419088421,MT OCEAN PRIDE,Tanker - Crude,2026-09-04 12:55:00,19.70758,73.244826,11.66,64.9,65.6,0,NORMAL
419088421,MT OCEAN PRIDE,Tanker - Crude,2026-09-04 13:00:00,19.714564,73.261155,12.18,65.8,65.6,0,NORMAL
419088421,MT OCEAN PRIDE,Tanker - Crude,2026-09-04 13:05:00,19.721668,73.277766,12.39,66.6,65.6,0,NORMAL
419088421,MT OCEAN PRIDE,Tanker - Crude,2026-09-04 13:10:00,19.72856,73.29388,12.02,70.2,65.6,0,NORMAL
419088421,MT OCEAN PRIDE,Tanker - Crude,2026-09-04 13:15:00,19.735532,73.310184,12.16,64.8,65.6,0,NORMAL
419088421,MT OCEAN PRIDE,Tanker - Crude,2026-09-04 13:20:00,19.742838,73.327267,12.74,68.0,65.6,0,NORMAL
419088421,MT OCEAN PRIDE,Tanker - Crude,2026-09-04 13:25:00,19.750133,73.344328,12.73,65.4,65.6,0,NORMAL
419088421,MT OCEAN PRIDE,Tanker - Crude,2026-09-04 13:30:00,19.757236,73.360939,12.39,62.7,65.6,0,NORMAL
419088421,MT OCEAN PRIDE,Tanker - Crude,2026-09-04 13:35:00,19.764295,73.377448,12.31,65.3,65.6,0,NORMAL
419088421,MT OCEAN PRIDE,Tanker - Crude,2026-09-04 13:40:00,19.770863,73.39281,11.46,67.7,65.6,0,NORMAL
419088421,MT OCEAN PRIDE,Tanker - Crude,2026-09-04 13:45:00,19.777327,73.407929,11.28,61.8,65.6,0,NORMAL
419088421,MT OCEAN PRIDE,Tanker - Crude,2026-09-04 13:50:00,19.78429,73.424214,12.14,66.8,65.6,0,NORMAL
419088421,MT OCEAN PRIDE,Tanker - Crude,2026-09-04 13:55:00,19.791391,73.440826,12.39,67.1,65.6,0,NORMAL
419088421,MT OCEAN PRIDE,Tanker - Crude,2026-09-04 14:00:00,19.798609,73.45771,12.59,67.0,65.6,0,NORMAL
419088421,MT OCEAN PRIDE,Tanker - Crude,2026-09-04 14:05:00,19.805458,73.473731,11.95,65.5,65.6,0,NORMAL
419088421,MT OCEAN PRIDE,Tanker - Crude,2026-09-04 14:10:00,19.812272,73.489673,11.89,66.2,65.6,0,NORMAL
419088421,MT OCEAN PRIDE,Tanker - Crude,2026-09-04 14:15:00,19.818899,73.505178,11.56,66.3,65.6,0,NORMAL
419088421,MT OCEAN PRIDE,Tanker - Crude,2026-09-04 14:20:00,19.825759,73.521227,11.97,66.2,65.6,0,NORMAL
419088421,MT OCEAN PRIDE,Tanker - Crude,2026-09-04 14:25:00,19.832702,73.537471,12.11,60.7,65.6,0,NORMAL
419088421,MT OCEAN PRIDE,Tanker - Crude,2026-09-04 14:30:00,19.839374,73.553084,11.64,65.4,65.6,0,NORMAL
419088421,MT OCEAN PRIDE,Tanker - Crude,2026-09-04 14:35:00,19.84624,73.569151,11.98,66.1,65.6,0,NORMAL
419088421,MT OCEAN PRIDE,Tanker - Crude,2026-09-04 14:40:00,19.853189,73.58541,12.12,68.7,65.6,0,NORMAL
419088421,MT OCEAN PRIDE,Tanker - Crude,2026-09-04 14:45:00,19.86014,73.601676,12.12,65.0,65.6,0,NORMAL
419088421,MT OCEAN PRIDE,Tanker - Crude,2026-09-04 14:50:00,19.866652,73.616917,11.36,62.9,65.6,0,NORMAL
419088421,MT OCEAN PRIDE,Tanker - Crude,2026-09-04 14:55:00,19.873654,73.633303,12.21,67.7,65.6,0,NORMAL
419088421,MT OCEAN PRIDE,Tanker - Crude,2026-09-04 15:00:00,19.880886,73.650231,12.62,64.0,65.6,0,NORMAL
419088421,MT OCEAN PRIDE,Tanker - Crude,2026-09-04 15:05:00,19.887696,73.666169,11.88,66.1,65.6,0,NORMAL
419088421,MT OCEAN PRIDE,Tanker - Crude,2026-09-04 15:10:00,19.895044,73.683369,12.82,65.8,65.6,0,NORMAL
419088421,MT OCEAN PRIDE,Tanker - Crude,2026-09-04 15:15:00,19.902279,73.700304,12.62,66.0,65.6,0,NORMAL
419088421,MT OCEAN PRIDE,Tanker - Crude,2026-09-04 15:20:00,19.909423,73.717026,12.46,67.7,65.6,0,NORMAL
419088421,MT OCEAN PRIDE,Tanker - Crude,2026-09-04 15:25:00,19.91634,73.733219,12.07,63.6,65.6,0,NORMAL
419088421,MT OCEAN PRIDE,Tanker - Crude,2026-09-04 15:30:00,19.923157,73.749179,11.89,68.6,65.6,0,NORMAL
419088421,MT OCEAN PRIDE,Tanker - Crude,2026-09-04 15:35:00,19.930238,73.765756,12.35,64.8,65.6,0,NORMAL
419088421,MT OCEAN PRIDE,Tanker - Crude,2026-09-04 15:40:00,19.937038,73.781678,11.86,62.2,65.6,0,NORMAL
419088421,MT OCEAN PRIDE,Tanker - Crude,2026-09-04 15:45:00,19.944248,73.79856,12.58,67.4,65.6,0,NORMAL
419088421,MT OCEAN PRIDE,Tanker - Crude,2026-09-04 15:50:00,19.951096,73.814594,11.95,66.0,65.6,0,NORMAL
419088421,MT OCEAN PRIDE,Tanker - Crude,2026-09-04 15:55:00,19.957477,73.829536,11.13,64.6,65.6,0,NORMAL
419088421,MT OCEAN PRIDE,Tanker - Crude,2026-09-04 16:00:00,19.964662,73.846361,12.53,67.6,65.6,0,NORMAL
419088421,MT OCEAN PRIDE,Tanker - Crude,2026-09-04 16:05:00,19.971617,73.862648,12.13,65.6,65.6,0,NORMAL
419088421,MT OCEAN PRIDE,Tanker - Crude,2026-09-04 16:10:00,19.978679,73.879186,12.32,65.1,65.6,0,NORMAL
419088421,MT OCEAN PRIDE,Tanker - Crude,2026-09-04 16:15:00,19.985176,73.894403,11.33,65.6,65.6,0,NORMAL
419088421,MT OCEAN PRIDE,Tanker - Crude,2026-09-04 16:20:00,19.992148,73.910731,12.16,67.9,65.6,0,NORMAL
419088421,MT OCEAN PRIDE,Tanker - Crude,2026-09-04 16:25:00,19.998697,73.926069,11.42,65.4,65.6,0,NORMAL
419088421,MT OCEAN PRIDE,Tanker - Crude,2026-09-04 16:30:00,20.005558,73.942142,11.97,63.4,65.6,0,NORMAL
419088421,MT OCEAN PRIDE,Tanker - Crude,2026-09-04 16:35:00,20.012549,73.958517,12.2,67.1,65.6,0,NORMAL
419001982,MV PHANTOM STAR,Chemical Tanker,2026-09-04 00:00:00,18.991591,71.147631,12.88,45.0,46.0,0,NORMAL
419001982,MV PHANTOM STAR,Chemical Tanker,2026-09-04 00:05:00,19.003819,71.161004,12.68,45.8,46.0,0,NORMAL
419001982,MV PHANTOM STAR,Chemical Tanker,2026-09-04 00:10:00,19.015954,71.174276,12.59,44.9,46.0,0,NORMAL
419001982,MV PHANTOM STAR,Chemical Tanker,2026-09-04 00:15:00,19.028026,71.187481,12.52,50.0,46.0,0,NORMAL
419001982,MV PHANTOM STAR,Chemical Tanker,2026-09-04 00:20:00,19.040574,71.201207,13.01,44.6,46.0,0,NORMAL
419001982,MV PHANTOM STAR,Chemical Tanker,2026-09-04 00:25:00,19.05319,71.215009,13.09,45.8,46.0,0,NORMAL
419001982,MV PHANTOM STAR,Chemical Tanker,2026-09-04 00:30:00,19.065639,71.228629,12.91,47.3,46.0,0,NORMAL
419001982,MV PHANTOM STAR,Chemical Tanker,2026-09-04 00:35:00,19.078465,71.242663,13.3,45.0,46.0,0,NORMAL
419001982,MV PHANTOM STAR,Chemical Tanker,2026-09-04 00:40:00,19.090777,71.256135,12.77,45.5,46.0,0,NORMAL
419001982,MV PHANTOM STAR,Chemical Tanker,2026-09-04 00:45:00,19.102423,71.26888,12.08,43.0,46.0,0,NORMAL
419001982,MV PHANTOM STAR,Chemical Tanker,2026-09-04 00:50:00,19.115485,71.283174,13.55,49.3,46.0,0,NORMAL
419001982,MV PHANTOM STAR,Chemical Tanker,2026-09-04 00:55:00,19.127923,71.296787,12.9,47.2,46.0,0,NORMAL
419001982,MV PHANTOM STAR,Chemical Tanker,2026-09-04 01:00:00,19.140577,71.310637,13.12,52.2,46.0,0,NORMAL
419001982,MV PHANTOM STAR,Chemical Tanker,2026-09-04 01:05:00,19.153542,71.32483,13.45,45.8,46.0,0,NORMAL
419001982,MV PHANTOM STAR,Chemical Tanker,2026-09-04 01:10:00,19.165708,71.338148,12.62,42.8,46.0,0,NORMAL
419001982,MV PHANTOM STAR,Chemical Tanker,2026-09-04 01:15:00,19.17832,71.351957,13.08,44.5,46.0,0,NORMAL
419001982,MV PHANTOM STAR,Chemical Tanker,2026-09-04 01:20:00,19.190306,71.36508,12.43,44.7,46.0,0,NORMAL
419001982,MV PHANTOM STAR,Chemical Tanker,2026-09-04 01:25:00,19.202423,71.378347,12.57,49.4,46.0,0,NORMAL
419001982,MV PHANTOM STAR,Chemical Tanker,2026-09-04 01:30:00,19.215297,71.392445,13.35,46.0,46.0,0,NORMAL
419001982,MV PHANTOM STAR,Chemical Tanker,2026-09-04 01:35:00,19.228402,71.406797,13.59,46.2,46.0,0,NORMAL
419001982,MV PHANTOM STAR,Chemical Tanker,2026-09-04 01:40:00,19.240603,71.420161,12.66,49.1,46.0,0,NORMAL
419001982,MV PHANTOM STAR,Chemical Tanker,2026-09-04 01:45:00,19.253345,71.434117,13.22,44.0,46.0,0,NORMAL
419001982,MV PHANTOM STAR,Chemical Tanker,2026-09-04 01:50:00,19.265806,71.447766,12.92,44.3,46.0,0,NORMAL
419001982,MV PHANTOM STAR,Chemical Tanker,2026-09-04 01:55:00,19.277807,71.460913,12.45,47.9,46.0,0,NORMAL
419001982,MV PHANTOM STAR,Chemical Tanker,2026-09-04 02:00:00,19.291077,71.475451,13.76,43.2,46.0,0,NORMAL
419001982,MV PHANTOM STAR,Chemical Tanker,2026-09-04 02:05:00,19.303828,71.489422,13.23,44.7,46.0,0,NORMAL
419001982,MV PHANTOM STAR,Chemical Tanker,2026-09-04 02:10:00,19.316174,71.50295,12.81,44.8,46.0,0,NORMAL
419001982,MV PHANTOM STAR,Chemical Tanker,2026-09-04 02:15:00,19.328375,71.51632,12.65,46.1,46.0,0,NORMAL
419001982,MV PHANTOM STAR,Chemical Tanker,2026-09-04 02:20:00,19.340589,71.529705,12.67,46.6,46.0,0,NORMAL
419001982,MV PHANTOM STAR,Chemical Tanker,2026-09-04 02:25:00,19.353103,71.543421,12.98,45.6,46.0,0,NORMAL
419001982,MV PHANTOM STAR,Chemical Tanker,2026-09-04 02:30:00,19.365287,71.556775,12.64,44.9,46.0,0,NORMAL
419001982,MV PHANTOM STAR,Chemical Tanker,2026-09-04 02:35:00,19.378112,71.570834,13.3,47.0,46.0,0,NORMAL
419001982,MV PHANTOM STAR,Chemical Tanker,2026-09-04 02:40:00,19.390269,71.584161,12.61,46.2,46.0,0,NORMAL
419001982,MV PHANTOM STAR,Chemical Tanker,2026-09-04 02:45:00,19.403093,71.59822,13.3,42.7,46.0,0,NORMAL
419001982,MV PHANTOM STAR,Chemical Tanker,2026-09-04 02:50:00,19.415837,71.612192,13.22,44.7,46.0,0,NORMAL
419001982,MV PHANTOM STAR,Chemical Tanker,2026-09-04 02:55:00,19.428591,71.626176,13.23,44.5,46.0,0,NORMAL
419001982,MV PHANTOM STAR,Chemical Tanker,2026-09-04 03:00:00,19.440429,71.639158,12.28,42.8,46.0,0,NORMAL
419001982,MV PHANTOM STAR,Chemical Tanker,2026-09-04 03:05:00,19.452981,71.652923,13.02,46.6,46.0,0,NORMAL
419001982,MV PHANTOM STAR,Chemical Tanker,2026-09-04 03:10:00,19.465167,71.666287,12.64,47.3,46.0,0,NORMAL
419001982,MV PHANTOM STAR,Chemical Tanker,2026-09-04 03:15:00,19.47706,71.679332,12.34,45.9,46.0,0,NORMAL
419001982,MV PHANTOM STAR,Chemical Tanker,2026-09-04 03:20:00,19.489127,71.692568,12.52,44.7,46.0,0,NORMAL
419001982,MV PHANTOM STAR,Chemical Tanker,2026-09-04 03:25:00,19.501679,71.706338,13.02,44.3,46.0,0,NORMAL
419001982,MV PHANTOM STAR,Chemical Tanker,2026-09-04 03:30:00,19.514065,71.719926,12.85,48.0,46.0,0,NORMAL
419001982,MV PHANTOM STAR,Chemical Tanker,2026-09-04 03:35:00,19.526376,71.733434,12.77,47.7,46.0,0,NORMAL
419001982,MV PHANTOM STAR,Chemical Tanker,2026-09-04 03:40:00,19.538475,71.746708,12.55,47.1,46.0,0,NORMAL
419001982,MV PHANTOM STAR,Chemical Tanker,2026-09-04 03:45:00,19.551565,71.761072,13.58,41.1,46.0,0,NORMAL
419001982,MV PHANTOM STAR,Chemical Tanker,2026-09-04 03:50:00,19.563791,71.77449,12.68,47.2,46.0,0,NORMAL
419001982,MV PHANTOM STAR,Chemical Tanker,2026-09-04 03:55:00,19.576247,71.78816,12.92,46.8,46.0,0,NORMAL
419001982,MV PHANTOM STAR,Chemical Tanker,2026-09-04 04:00:00,19.588548,71.801661,12.76,46.2,46.0,0,NORMAL
419001982,MV PHANTOM STAR,Chemical Tanker,2026-09-04 04:05:00,19.601022,71.815354,12.94,48.4,46.0,0,NORMAL
419001982,MV PHANTOM STAR,Chemical Tanker,2026-09-04 04:10:00,19.613654,71.829221,13.1,46.7,46.0,0,NORMAL
419001982,MV PHANTOM STAR,Chemical Tanker,2026-09-04 04:15:00,19.626029,71.842806,12.84,45.1,46.0,0,NORMAL
419001982,MV PHANTOM STAR,Chemical Tanker,2026-09-04 04:20:00,19.638396,71.856385,12.83,46.8,46.0,0,NORMAL
419001982,MV PHANTOM STAR,Chemical Tanker,2026-09-04 04:25:00,19.650768,71.869969,12.83,46.6,46.0,0,NORMAL
419001982,MV PHANTOM STAR,Chemical Tanker,2026-09-04 04:30:00,19.664103,71.884611,13.83,47.8,46.0,0,NORMAL
419001982,MV PHANTOM STAR,Chemical Tanker,2026-09-04 04:35:00,19.676511,71.898238,12.87,48.4,46.0,0,NORMAL
419001982,MV PHANTOM STAR,Chemical Tanker,2026-09-04 04:40:00,19.688887,71.91183,12.84,42.0,46.0,0,NORMAL
419001982,MV PHANTOM STAR,Chemical Tanker,2026-09-04 04:45:00,19.701033,71.92517,12.6,42.3,46.0,0,NORMAL
419001982,MV PHANTOM STAR,Chemical Tanker,2026-09-04 04:50:00,19.713431,71.938789,12.86,46.1,46.0,0,NORMAL
419001982,MV PHANTOM STAR,Chemical Tanker,2026-09-04 04:55:00,19.726612,71.953268,13.67,46.7,46.0,0,NORMAL
419001982,MV PHANTOM STAR,Chemical Tanker,2026-09-04 05:00:00,19.739061,71.966945,12.91,47.7,46.0,0,NORMAL
419001982,MV PHANTOM STAR,Chemical Tanker,2026-09-04 05:05:00,19.750742,71.979779,12.12,46.5,46.0,0,NORMAL
419001982,MV PHANTOM STAR,Chemical Tanker,2026-09-04 05:10:00,19.763574,71.993878,13.31,43.1,46.0,0,NORMAL
419001982,MV PHANTOM STAR,Chemical Tanker,2026-09-04 05:15:00,19.776549,72.008136,13.46,46.7,46.0,0,NORMAL
419001982,MV PHANTOM STAR,Chemical Tanker,2026-09-04 05:20:00,19.788923,72.021734,12.83,47.3,46.0,0,NORMAL
419001982,MV PHANTOM STAR,Chemical Tanker,2026-09-04 05:25:00,19.802332,72.036472,13.91,46.4,46.0,0,NORMAL
419001982,MV PHANTOM STAR,Chemical Tanker,2026-09-04 05:30:00,19.814962,72.050354,13.1,45.1,46.0,0,NORMAL
419001982,MV PHANTOM STAR,Chemical Tanker,2026-09-04 05:35:00,19.827168,72.063771,12.66,47.7,46.0,0,NORMAL
419001982,MV PHANTOM STAR,Chemical Tanker,2026-09-04 05:40:00,19.839372,72.077187,12.66,46.2,46.0,0,NORMAL
419001982,MV PHANTOM STAR,Chemical Tanker,2026-09-04 05:45:00,19.851722,72.090764,12.81,47.0,46.0,0,NORMAL
419001982,MV PHANTOM STAR,Chemical Tanker,2026-09-04 05:50:00,19.864385,72.104686,13.13,48.1,46.0,0,NORMAL
419001982,MV PHANTOM STAR,Chemical Tanker,2026-09-04 05:55:00,19.876722,72.118252,12.8,45.5,46.0,0,NORMAL
419001982,MV PHANTOM STAR,Chemical Tanker,2026-09-04 06:00:00,19.888878,72.13162,12.61,45.1,46.0,0,NORMAL
419001982,MV PHANTOM STAR,Chemical Tanker,2026-09-04 06:05:00,19.901558,72.145564,13.15,47.5,46.0,0,NORMAL
419001982,MV PHANTOM STAR,Chemical Tanker,2026-09-04 06:10:00,19.913736,72.158958,12.63,47.8,46.0,0,NORMAL
419001982,MV PHANTOM STAR,Chemical Tanker,2026-09-04 06:15:00,19.926793,72.173319,13.54,46.9,46.0,0,NORMAL
419001982,MV PHANTOM STAR,Chemical Tanker,2026-09-04 06:20:00,19.940051,72.187902,13.75,44.5,46.0,0,NORMAL
419001982,MV PHANTOM STAR,Chemical Tanker,2026-09-04 06:25:00,19.952105,72.201163,12.5,42.5,46.0,0,NORMAL
419001982,MV PHANTOM STAR,Chemical Tanker,2026-09-04 06:30:00,19.965216,72.215587,13.6,47.3,46.0,0,NORMAL
419001982,MV PHANTOM STAR,Chemical Tanker,2026-09-04 06:35:00,19.977729,72.229354,12.98,46.6,46.0,0,NORMAL
419001982,MV PHANTOM STAR,Chemical Tanker,2026-09-04 06:40:00,19.989828,72.242668,12.55,50.9,46.0,0,NORMAL
419001982,MV PHANTOM STAR,Chemical Tanker,2026-09-04 06:45:00,20.084344,72.332289,44.63,46.5,46.0,1,GPS_SPOOFING_VELOCITY_VIOLATION
419001982,MV PHANTOM STAR,Chemical Tanker,2026-09-04 06:50:00,20.201984,72.439197,45.07,49.2,46.0,1,GPS_SPOOFING_VELOCITY_VIOLATION
419001982,MV PHANTOM STAR,Chemical Tanker,2026-09-04 06:55:00,20.279469,72.520311,43.31,48.2,46.0,1,GPS_SPOOFING_VELOCITY_VIOLATION
419001982,MV PHANTOM STAR,Chemical Tanker,2026-09-04 07:00:00,20.356308,72.591774,46.34,44.0,46.0,1,GPS_SPOOFING_VELOCITY_VIOLATION
419001982,MV PHANTOM STAR,Chemical Tanker,2026-09-04 07:05:00,20.437775,72.645975,45.49,43.4,46.0,1,GPS_SPOOFING_VELOCITY_VIOLATION
419001982,MV PHANTOM STAR,Chemical Tanker,2026-09-04 07:10:00,20.512583,72.695912,46.5,45.5,46.0,1,GPS_SPOOFING_VELOCITY_VIOLATION
419001982,MV PHANTOM STAR,Chemical Tanker,2026-09-04 07:15:00,20.591497,72.771293,41.26,47.4,46.0,1,GPS_SPOOFING_VELOCITY_VIOLATION
419001982,MV PHANTOM STAR,Chemical Tanker,2026-09-04 07:20:00,20.666119,72.829163,45.85,51.2,46.0,1,GPS_SPOOFING_VELOCITY_VIOLATION
419001982,MV PHANTOM STAR,Chemical Tanker,2026-09-04 07:25:00,20.745637,72.913124,44.52,45.7,46.0,1,GPS_SPOOFING_VELOCITY_VIOLATION
419001982,MV PHANTOM STAR,Chemical Tanker,2026-09-04 07:30:00,20.824982,72.982256,43.84,44.6,46.0,1,GPS_SPOOFING_VELOCITY_VIOLATION
419001982,MV PHANTOM STAR,Chemical Tanker,2026-09-04 07:35:00,20.935062,73.009236,44.19,48.2,46.0,1,GPS_SPOOFING_VELOCITY_VIOLATION
419001982,MV PHANTOM STAR,Chemical Tanker,2026-09-04 07:40:00,21.008208,73.081808,42.01,43.2,46.0,1,GPS_SPOOFING_VELOCITY_VIOLATION
419001982,MV PHANTOM STAR,Chemical Tanker,2026-09-04 07:45:00,21.123253,73.180521,43.17,48.6,46.0,1,GPS_SPOOFING_VELOCITY_VIOLATION
419001982,MV PHANTOM STAR,Chemical Tanker,2026-09-04 07:50:00,21.192763,73.270309,43.15,43.6,46.0,1,GPS_SPOOFING_VELOCITY_VIOLATION
419001982,MV PHANTOM STAR,Chemical Tanker,2026-09-04 07:55:00,21.265266,73.364528,44.21,46.9,46.0,1,GPS_SPOOFING_VELOCITY_VIOLATION
419001982,MV PHANTOM STAR,Chemical Tanker,2026-09-04 08:00:00,21.323645,73.456846,45.89,47.2,46.0,1,GPS_SPOOFING_VELOCITY_VIOLATION
419001982,MV PHANTOM STAR,Chemical Tanker,2026-09-04 08:05:00,21.378623,73.555327,44.89,45.7,46.0,1,GPS_SPOOFING_VELOCITY_VIOLATION
419001982,MV PHANTOM STAR,Chemical Tanker,2026-09-04 08:10:00,21.444536,73.607158,45.76,42.9,46.0,1,GPS_SPOOFING_VELOCITY_VIOLATION
419001982,MV PHANTOM STAR,Chemical Tanker,2026-09-04 08:15:00,21.559632,73.645519,42.96,49.4,46.0,1,GPS_SPOOFING_VELOCITY_VIOLATION
419001982,MV PHANTOM STAR,Chemical Tanker,2026-09-04 08:20:00,21.628733,73.733502,44.38,46.0,46.0,1,GPS_SPOOFING_VELOCITY_VIOLATION
419001982,MV PHANTOM STAR,Chemical Tanker,2026-09-04 08:25:00,21.71174,73.80623,44.64,45.9,46.0,1,GPS_SPOOFING_VELOCITY_VIOLATION
419001982,MV PHANTOM STAR,Chemical Tanker,2026-09-04 08:30:00,21.764776,73.901095,42.45,46.4,46.0,1,GPS_SPOOFING_VELOCITY_VIOLATION
419001982,MV PHANTOM STAR,Chemical Tanker,2026-09-04 08:35:00,21.851727,73.9703,44.52,44.5,46.0,1,GPS_SPOOFING_VELOCITY_VIOLATION
419001982,MV PHANTOM STAR,Chemical Tanker,2026-09-04 08:40:00,21.939893,74.016248,43.33,48.1,46.0,1,GPS_SPOOFING_VELOCITY_VIOLATION
419001982,MV PHANTOM STAR,Chemical Tanker,2026-09-04 08:45:00,22.039546,74.129558,44.81,48.1,46.0,1,GPS_SPOOFING_VELOCITY_VIOLATION
419001982,MV PHANTOM STAR,Chemical Tanker,2026-09-04 08:50:00,22.10705,74.210079,42.96,47.1,46.0,1,GPS_SPOOFING_VELOCITY_VIOLATION
419001982,MV PHANTOM STAR,Chemical Tanker,2026-09-04 08:55:00,22.171942,74.277849,44.72,43.2,46.0,1,GPS_SPOOFING_VELOCITY_VIOLATION
419001982,MV PHANTOM STAR,Chemical Tanker,2026-09-04 09:00:00,22.232425,74.378922,42.88,44.1,46.0,1,GPS_SPOOFING_VELOCITY_VIOLATION
419001982,MV PHANTOM STAR,Chemical Tanker,2026-09-04 09:05:00,22.316122,74.441755,45.09,47.4,46.0,1,GPS_SPOOFING_VELOCITY_VIOLATION
419001982,MV PHANTOM STAR,Chemical Tanker,2026-09-04 09:10:00,22.447323,74.519834,44.65,48.3,46.0,1,GPS_SPOOFING_VELOCITY_VIOLATION
419001982,MV PHANTOM STAR,Chemical Tanker,2026-09-04 09:15:00,22.562739,74.587294,44.46,49.7,46.0,1,GPS_SPOOFING_VELOCITY_VIOLATION
419001982,MV PHANTOM STAR,Chemical Tanker,2026-09-04 09:20:00,22.655387,74.686745,43.83,47.3,46.0,1,GPS_SPOOFING_VELOCITY_VIOLATION
419001982,MV PHANTOM STAR,Chemical Tanker,2026-09-04 09:25:00,22.730437,74.765257,43.63,47.3,46.0,1,GPS_SPOOFING_VELOCITY_VIOLATION
419001982,MV PHANTOM STAR,Chemical Tanker,2026-09-04 09:30:00,22.818041,74.857468,42.9,47.2,46.0,1,GPS_SPOOFING_VELOCITY_VIOLATION
419001982,MV PHANTOM STAR,Chemical Tanker,2026-09-04 09:35:00,22.907225,74.936065,45.5,42.7,46.0,1,GPS_SPOOFING_VELOCITY_VIOLATION
419001982,MV PHANTOM STAR,Chemical Tanker,2026-09-04 09:40:00,22.992656,74.99053,44.75,43.9,46.0,1,GPS_SPOOFING_VELOCITY_VIOLATION
419001982,MV PHANTOM STAR,Chemical Tanker,2026-09-04 09:45:00,23.086286,75.071096,44.45,46.1,46.0,1,GPS_SPOOFING_VELOCITY_VIOLATION
419001982,MV PHANTOM STAR,Chemical Tanker,2026-09-04 09:50:00,23.168209,75.141851,43.88,45.2,46.0,1,GPS_SPOOFING_VELOCITY_VIOLATION
419001982,MV PHANTOM STAR,Chemical Tanker,2026-09-04 09:55:00,23.238634,75.246966,44.77,44.2,46.0,1,GPS_SPOOFING_VELOCITY_VIOLATION
419001982,MV PHANTOM STAR,Chemical Tanker,2026-09-04 10:00:00,23.251096,75.260991,12.93,45.2,46.0,0,NORMAL
419001982,MV PHANTOM STAR,Chemical Tanker,2026-09-04 10:05:00,23.264188,75.275727,13.58,46.4,46.0,0,NORMAL
419001982,MV PHANTOM STAR,Chemical Tanker,2026-09-04 10:10:00,23.27712,75.290285,13.41,43.1,46.0,0,NORMAL
419001982,MV PHANTOM STAR,Chemical Tanker,2026-09-04 10:15:00,23.289757,75.304511,13.11,47.8,46.0,0,NORMAL
419001982,MV PHANTOM STAR,Chemical Tanker,2026-09-04 10:20:00,23.302322,75.318659,13.03,48.2,46.0,0,NORMAL
419001982,MV PHANTOM STAR,Chemical Tanker,2026-09-04 10:25:00,23.314657,75.332548,12.79,48.8,46.0,0,NORMAL
419001982,MV PHANTOM STAR,Chemical Tanker,2026-09-04 10:30:00,23.328077,75.347661,13.92,45.3,46.0,0,NORMAL
419001982,MV PHANTOM STAR,Chemical Tanker,2026-09-04 10:35:00,23.34044,75.361583,12.82,48.9,46.0,0,NORMAL
419001982,MV PHANTOM STAR,Chemical Tanker,2026-09-04 10:40:00,23.353583,75.376387,13.63,45.0,46.0,0,NORMAL
419001982,MV PHANTOM STAR,Chemical Tanker,2026-09-04 10:45:00,23.365955,75.390323,12.83,45.5,46.0,0,NORMAL
419001982,MV PHANTOM STAR,Chemical Tanker,2026-09-04 10:50:00,23.37797,75.403859,12.46,44.2,46.0,0,NORMAL
419001982,MV PHANTOM STAR,Chemical Tanker,2026-09-04 10:55:00,23.390117,75.417544,12.6,44.5,46.0,0,NORMAL
419001982,MV PHANTOM STAR,Chemical Tanker,2026-09-04 11:00:00,23.402638,75.431651,12.99,46.5,46.0,0,NORMAL
419001982,MV PHANTOM STAR,Chemical Tanker,2026-09-04 11:05:00,23.41577,75.446449,13.62,44.0,46.0,0,NORMAL
419001982,MV PHANTOM STAR,Chemical Tanker,2026-09-04 11:10:00,23.428683,75.461002,13.39,45.6,46.0,0,NORMAL
419001982,MV PHANTOM STAR,Chemical Tanker,2026-09-04 11:15:00,23.441198,75.475107,12.98,47.4,46.0,0,NORMAL
419001982,MV PHANTOM STAR,Chemical Tanker,2026-09-04 11:20:00,23.453299,75.488747,12.55,46.8,46.0,0,NORMAL
419001982,MV PHANTOM STAR,Chemical Tanker,2026-09-04 11:25:00,23.465897,75.502949,13.07,47.0,46.0,0,NORMAL
419001982,MV PHANTOM STAR,Chemical Tanker,2026-09-04 11:30:00,23.478543,75.517206,13.12,50.9,46.0,0,NORMAL
419001982,MV PHANTOM STAR,Chemical Tanker,2026-09-04 11:35:00,23.490831,75.53106,12.74,45.0,46.0,0,NORMAL
419001982,MV PHANTOM STAR,Chemical Tanker,2026-09-04 11:40:00,23.503125,75.544923,12.75,44.9,46.0,0,NORMAL
419001982,MV PHANTOM STAR,Chemical Tanker,2026-09-04 11:45:00,23.515413,75.55878,12.75,48.4,46.0,0,NORMAL
419001982,MV PHANTOM STAR,Chemical Tanker,2026-09-04 11:50:00,23.528495,75.573534,13.57,44.9,46.0,0,NORMAL
419001982,MV PHANTOM STAR,Chemical Tanker,2026-09-04 11:55:00,23.540708,75.58731,12.67,47.0,46.0,0,NORMAL
419001982,MV PHANTOM STAR,Chemical Tanker,2026-09-04 12:00:00,23.553029,75.601208,12.78,47.3,46.0,0,NORMAL
419001982,MV PHANTOM STAR,Chemical Tanker,2026-09-04 12:05:00,23.565641,75.615436,13.08,43.0,46.0,0,NORMAL
419001982,MV PHANTOM STAR,Chemical Tanker,2026-09-04 12:10:00,23.578772,75.630251,13.62,49.6,46.0,0,NORMAL
419001982,MV PHANTOM STAR,Chemical Tanker,2026-09-04 12:15:00,23.591069,75.644127,12.75,45.3,46.0,0,NORMAL
419001982,MV PHANTOM STAR,Chemical Tanker,2026-09-04 12:20:00,23.603714,75.658396,13.11,46.7,46.0,0,NORMAL
419001982,MV PHANTOM STAR,Chemical Tanker,2026-09-04 12:25:00,23.616502,75.672828,13.26,50.1,46.0,0,NORMAL
419001982,MV PHANTOM STAR,Chemical Tanker,2026-09-04 12:30:00,23.628967,75.686898,12.93,44.4,46.0,0,NORMAL
419001982,MV PHANTOM STAR,Chemical Tanker,2026-09-04 12:35:00,23.640969,75.700446,12.45,44.6,46.0,0,NORMAL
419001982,MV PHANTOM STAR,Chemical Tanker,2026-09-04 12:40:00,23.653491,75.714581,12.99,49.6,46.0,0,NORMAL
419001982,MV PHANTOM STAR,Chemical Tanker,2026-09-04 12:45:00,23.665825,75.728506,12.79,46.5,46.0,0,NORMAL
419001982,MV PHANTOM STAR,Chemical Tanker,2026-09-04 12:50:00,23.678353,75.742652,12.99,48.4,46.0,0,NORMAL
419001982,MV PHANTOM STAR,Chemical Tanker,2026-09-04 12:55:00,23.691861,75.757906,14.01,45.0,46.0,0,NORMAL
419001982,MV PHANTOM STAR,Chemical Tanker,2026-09-04 13:00:00,23.704207,75.771848,12.8,48.1,46.0,0,NORMAL
419001982,MV PHANTOM STAR,Chemical Tanker,2026-09-04 13:05:00,23.717004,75.786301,13.27,49.7,46.0,0,NORMAL
419001982,MV PHANTOM STAR,Chemical Tanker,2026-09-04 13:10:00,23.729763,75.800713,13.23,45.3,46.0,0,NORMAL
419001982,MV PHANTOM STAR,Chemical Tanker,2026-09-04 13:15:00,23.742525,75.81513,13.24,48.2,46.0,0,NORMAL
419001982,MV PHANTOM STAR,Chemical Tanker,2026-09-04 13:20:00,23.755375,75.829648,13.33,47.0,46.0,0,NORMAL
419001982,MV PHANTOM STAR,Chemical Tanker,2026-09-04 13:25:00,23.76832,75.844275,13.43,48.4,46.0,0,NORMAL
419001982,MV PHANTOM STAR,Chemical Tanker,2026-09-04 13:30:00,23.781387,75.859041,13.55,47.3,46.0,0,NORMAL
419001982,MV PHANTOM STAR,Chemical Tanker,2026-09-04 13:35:00,23.793857,75.873133,12.93,46.3,46.0,0,NORMAL
419001982,MV PHANTOM STAR,Chemical Tanker,2026-09-04 13:40:00,23.806856,75.887825,13.48,44.4,46.0,0,NORMAL
419001982,MV PHANTOM STAR,Chemical Tanker,2026-09-04 13:45:00,23.819532,75.902153,13.15,45.2,46.0,0,NORMAL
419001982,MV PHANTOM STAR,Chemical Tanker,2026-09-04 13:50:00,23.832078,75.916335,13.01,48.6,46.0,0,NORMAL
419001982,MV PHANTOM STAR,Chemical Tanker,2026-09-04 13:55:00,23.844685,75.930588,13.08,46.1,46.0,0,NORMAL
419001982,MV PHANTOM STAR,Chemical Tanker,2026-09-04 14:00:00,23.856695,75.944167,12.46,47.5,46.0,0,NORMAL
419001982,MV PHANTOM STAR,Chemical Tanker,2026-09-04 14:05:00,23.869478,75.958621,13.26,50.4,46.0,0,NORMAL
419001982,MV PHANTOM STAR,Chemical Tanker,2026-09-04 14:10:00,23.881893,75.972662,12.88,46.5,46.0,0,NORMAL
419001982,MV PHANTOM STAR,Chemical Tanker,2026-09-04 14:15:00,23.894523,75.986946,13.1,49.2,46.0,0,NORMAL
419001982,MV PHANTOM STAR,Chemical Tanker,2026-09-04 14:20:00,23.907021,76.001082,12.96,46.6,46.0,0,NORMAL
419001982,MV PHANTOM STAR,Chemical Tanker,2026-09-04 14:25:00,23.919789,76.015526,13.24,46.4,46.0,0,NORMAL
419001982,MV PHANTOM STAR,Chemical Tanker,2026-09-04 14:30:00,23.932151,76.029511,12.82,46.4,46.0,0,NORMAL
419001982,MV PHANTOM STAR,Chemical Tanker,2026-09-04 14:35:00,23.945099,76.044161,13.43,44.0,46.0,0,NORMAL
419001982,MV PHANTOM STAR,Chemical Tanker,2026-09-04 14:40:00,23.957684,76.058401,13.05,44.6,46.0,0,NORMAL
419001982,MV PHANTOM STAR,Chemical Tanker,2026-09-04 14:45:00,23.970679,76.073107,13.48,43.0,46.0,0,NORMAL
419001982,MV PHANTOM STAR,Chemical Tanker,2026-09-04 14:50:00,23.982997,76.087049,12.78,46.8,46.0,0,NORMAL
419001982,MV PHANTOM STAR,Chemical Tanker,2026-09-04 14:55:00,23.996135,76.101919,13.63,45.9,46.0,0,NORMAL
419001982,MV PHANTOM STAR,Chemical Tanker,2026-09-04 15:00:00,24.008455,76.115865,12.78,49.8,46.0,0,NORMAL
419001982,MV PHANTOM STAR,Chemical Tanker,2026-09-04 15:05:00,24.020431,76.129422,12.42,41.6,46.0,0,NORMAL
419001982,MV PHANTOM STAR,Chemical Tanker,2026-09-04 15:10:00,24.033134,76.143806,13.18,45.0,46.0,0,NORMAL
419001982,MV PHANTOM STAR,Chemical Tanker,2026-09-04 15:15:00,24.045275,76.157552,12.59,47.4,46.0,0,NORMAL
419001982,MV PHANTOM STAR,Chemical Tanker,2026-09-04 15:20:00,24.057903,76.171852,13.1,44.9,46.0,0,NORMAL
419001982,MV PHANTOM STAR,Chemical Tanker,2026-09-04 15:25:00,24.069943,76.185488,12.49,47.8,46.0,0,NORMAL
419001982,MV PHANTOM STAR,Chemical Tanker,2026-09-04 15:30:00,24.082728,76.199969,13.26,45.8,46.0,0,NORMAL
419001982,MV PHANTOM STAR,Chemical Tanker,2026-09-04 15:35:00,24.095974,76.214974,13.74,43.9,46.0,0,NORMAL
419001982,MV PHANTOM STAR,Chemical Tanker,2026-09-04 15:40:00,24.107919,76.228506,12.39,44.6,46.0,0,NORMAL
419001982,MV PHANTOM STAR,Chemical Tanker,2026-09-04 15:45:00,24.120436,76.242687,12.98,46.5,46.0,0,NORMAL
419001982,MV PHANTOM STAR,Chemical Tanker,2026-09-04 15:50:00,24.132877,76.256784,12.9,46.7,46.0,0,NORMAL
419001982,MV PHANTOM STAR,Chemical Tanker,2026-09-04 15:55:00,24.144928,76.27044,12.5,48.9,46.0,0,NORMAL
419001982,MV PHANTOM STAR,Chemical Tanker,2026-09-04 16:00:00,24.15743,76.284609,12.97,48.3,46.0,0,NORMAL
419001982,MV PHANTOM STAR,Chemical Tanker,2026-09-04 16:05:00,24.170097,76.298965,13.14,46.9,46.0,0,NORMAL
419001982,MV PHANTOM STAR,Chemical Tanker,2026-09-04 16:10:00,24.18285,76.313422,13.23,46.9,46.0,0,NORMAL
419001982,MV PHANTOM STAR,Chemical Tanker,2026-09-04 16:15:00,24.195632,76.327912,13.26,48.7,46.0,0,NORMAL
419001982,MV PHANTOM STAR,Chemical Tanker,2026-09-04 16:20:00,24.208242,76.342209,13.08,47.4,46.0,0,NORMAL
419001982,MV PHANTOM STAR,Chemical Tanker,2026-09-04 16:25:00,24.220741,76.356381,12.96,48.9,46.0,0,NORMAL
419001982,MV PHANTOM STAR,Chemical Tanker,2026-09-04 16:30:00,24.233015,76.370299,12.73,49.6,46.0,0,NORMAL
419001982,MV PHANTOM STAR,Chemical Tanker,2026-09-04 16:35:00,24.245533,76.384496,12.98,43.2,46.0,0,NORMAL
419000542,MV BHARAT RATNA,Bulk Carrier,2026-09-04 00:00:00,18.661528,71.078065,11.25,51.4,49.4,0,NORMAL
419000542,MV BHARAT RATNA,Bulk Carrier,2026-09-04 00:05:00,18.671818,71.090712,11.39,49.4,49.4,0,NORMAL
419000542,MV BHARAT RATNA,Bulk Carrier,2026-09-04 00:10:00,18.682145,71.103406,11.43,48.0,49.4,0,NORMAL
419000542,MV BHARAT RATNA,Bulk Carrier,2026-09-04 00:15:00,18.693429,71.117276,12.49,48.4,49.4,0,NORMAL
419000542,MV BHARAT RATNA,Bulk Carrier,2026-09-04 00:20:00,18.704189,71.130504,11.91,47.2,49.4,0,NORMAL
419000542,MV BHARAT RATNA,Bulk Carrier,2026-09-04 00:25:00,18.714713,71.143443,11.65,50.4,49.4,0,NORMAL
419000542,MV BHARAT RATNA,Bulk Carrier,2026-09-04 00:30:00,18.725095,71.156206,11.49,48.3,49.4,0,NORMAL
419000542,MV BHARAT RATNA,Bulk Carrier,2026-09-04 00:35:00,18.73539,71.168864,11.39,48.6,49.4,0,NORMAL
419000542,MV BHARAT RATNA,Bulk Carrier,2026-09-04 00:40:00,18.746648,71.182707,12.46,49.4,49.4,0,NORMAL
419000542,MV BHARAT RATNA,Bulk Carrier,2026-09-04 00:45:00,18.757227,71.195717,11.71,53.0,49.4,0,NORMAL
419000542,MV BHARAT RATNA,Bulk Carrier,2026-09-04 00:50:00,18.767301,71.208105,11.15,49.5,49.4,0,NORMAL
419000542,MV BHARAT RATNA,Bulk Carrier,2026-09-04 00:55:00,18.777594,71.220764,11.39,49.2,49.4,0,NORMAL
419000542,MV BHARAT RATNA,Bulk Carrier,2026-09-04 01:00:00,18.787919,71.233463,11.43,48.0,49.4,0,NORMAL
419000542,MV BHARAT RATNA,Bulk Carrier,2026-09-04 01:05:00,18.79838,71.24633,11.58,47.3,49.4,0,NORMAL
419000542,MV BHARAT RATNA,Bulk Carrier,2026-09-04 01:10:00,18.809127,71.25955,11.9,50.7,49.4,0,NORMAL
419000542,MV BHARAT RATNA,Bulk Carrier,2026-09-04 01:15:00,18.819339,71.272112,11.3,48.5,49.4,0,NORMAL
419000542,MV BHARAT RATNA,Bulk Carrier,2026-09-04 01:20:00,18.829828,71.285017,11.61,47.8,49.4,0,NORMAL
419000542,MV BHARAT RATNA,Bulk Carrier,2026-09-04 01:25:00,18.840873,71.298606,12.22,50.1,49.4,0,NORMAL
419000542,MV BHARAT RATNA,Bulk Carrier,2026-09-04 01:30:00,18.851405,71.311565,11.66,50.8,49.4,0,NORMAL
419000542,MV BHARAT RATNA,Bulk Carrier,2026-09-04 01:35:00,18.861586,71.324092,11.27,51.6,49.4,0,NORMAL
419000542,MV BHARAT RATNA,Bulk Carrier,2026-09-04 01:40:00,18.872018,71.336928,11.55,51.3,49.4,0,NORMAL
419000542,MV BHARAT RATNA,Bulk Carrier,2026-09-04 01:45:00,18.882336,71.349626,11.42,52.0,49.4,0,NORMAL
419000542,MV BHARAT RATNA,Bulk Carrier,2026-09-04 01:50:00,18.892871,71.362592,11.66,53.8,49.4,0,NORMAL
419000542,MV BHARAT RATNA,Bulk Carrier,2026-09-04 01:55:00,18.903128,71.375215,11.35,49.8,49.4,0,NORMAL
419000542,MV BHARAT RATNA,Bulk Carrier,2026-09-04 02:00:00,18.913145,71.387545,11.09,48.4,49.4,0,NORMAL
419000542,MV BHARAT RATNA,Bulk Carrier,2026-09-04 02:05:00,18.923759,71.400609,11.75,51.7,49.4,0,NORMAL
419000542,MV BHARAT RATNA,Bulk Carrier,2026-09-04 02:10:00,18.93522,71.414719,12.69,49.2,49.4,0,NORMAL
419000542,MV BHARAT RATNA,Bulk Carrier,2026-09-04 02:15:00,18.945273,71.427095,11.13,50.9,49.4,0,NORMAL
419000542,MV BHARAT RATNA,Bulk Carrier,2026-09-04 02:20:00,18.955255,71.439385,11.05,50.5,49.4,0,NORMAL
419000542,MV BHARAT RATNA,Bulk Carrier,2026-09-04 02:25:00,18.965464,71.451954,11.3,49.8,49.4,0,NORMAL
419000542,MV BHARAT RATNA,Bulk Carrier,2026-09-04 02:30:00,18.976248,71.465233,11.94,49.2,49.4,0,NORMAL
419000542,MV BHARAT RATNA,Bulk Carrier,2026-09-04 02:35:00,18.986975,71.478442,11.87,51.2,49.4,0,NORMAL
419000542,MV BHARAT RATNA,Bulk Carrier,2026-09-04 02:40:00,18.996692,71.490407,10.75,47.6,49.4,0,NORMAL
419000542,MV BHARAT RATNA,Bulk Carrier,2026-09-04 02:45:00,19.006517,71.502508,10.88,53.4,49.4,0,NORMAL
419000542,MV BHARAT RATNA,Bulk Carrier,2026-09-04 02:50:00,19.016869,71.515257,11.46,53.0,49.4,0,NORMAL
419000542,MV BHARAT RATNA,Bulk Carrier,2026-09-04 02:55:00,19.026669,71.527328,10.85,48.3,49.4,0,NORMAL
419000542,MV BHARAT RATNA,Bulk Carrier,2026-09-04 03:00:00,19.037349,71.540482,11.82,49.8,49.4,0,NORMAL
419000542,MV BHARAT RATNA,Bulk Carrier,2026-09-04 03:05:00,19.047931,71.553518,11.71,46.9,49.4,0,NORMAL
419000542,MV BHARAT RATNA,Bulk Carrier,2026-09-04 03:10:00,19.058819,71.566931,12.05,51.0,49.4,0,NORMAL
419000542,MV BHARAT RATNA,Bulk Carrier,2026-09-04 03:15:00,19.069354,71.579911,11.66,48.0,49.4,0,NORMAL
419000542,MV BHARAT RATNA,Bulk Carrier,2026-09-04 03:20:00,19.079861,71.592856,11.63,48.8,49.4,0,NORMAL
419000542,MV BHARAT RATNA,Bulk Carrier,2026-09-04 03:25:00,19.089655,71.604923,10.84,49.3,49.4,0,NORMAL
419000542,MV BHARAT RATNA,Bulk Carrier,2026-09-04 03:30:00,19.099988,71.617656,11.44,51.5,49.4,0,NORMAL
419000542,MV BHARAT RATNA,Bulk Carrier,2026-09-04 03:35:00,19.109571,71.629465,10.61,49.9,49.4,0,NORMAL
419000542,MV BHARAT RATNA,Bulk Carrier,2026-09-04 03:40:00,19.119543,71.641755,11.04,50.1,49.4,0,NORMAL
419000542,MV BHARAT RATNA,Bulk Carrier,2026-09-04 03:45:00,19.130068,71.654727,11.65,49.2,49.4,0,NORMAL
419000542,MV BHARAT RATNA,Bulk Carrier,2026-09-04 03:50:00,19.14075,71.667892,11.82,46.9,49.4,0,NORMAL
419000542,MV BHARAT RATNA,Bulk Carrier,2026-09-04 03:55:00,19.151541,71.681193,11.94,48.0,49.4,0,NORMAL
419000542,MV BHARAT RATNA,Bulk Carrier,2026-09-04 04:00:00,19.161368,71.693307,10.88,48.9,49.4,0,NORMAL
419000542,MV BHARAT RATNA,Bulk Carrier,2026-09-04 04:05:00,19.171001,71.705182,10.66,49.9,49.4,0,NORMAL
419000542,MV BHARAT RATNA,Bulk Carrier,2026-09-04 04:10:00,19.181298,71.717876,11.4,51.9,49.4,0,NORMAL
419000542,MV BHARAT RATNA,Bulk Carrier,2026-09-04 04:15:00,19.191922,71.730975,11.76,46.6,49.4,0,NORMAL
419000542,MV BHARAT RATNA,Bulk Carrier,2026-09-04 04:20:00,19.202009,71.743413,11.16,50.5,49.4,0,NORMAL
419000542,MV BHARAT RATNA,Bulk Carrier,2026-09-04 04:25:00,19.212705,71.756602,11.84,51.9,49.4,0,NORMAL
419000542,MV BHARAT RATNA,Bulk Carrier,2026-09-04 04:30:00,19.223534,71.769956,11.99,49.2,49.4,0,NORMAL
419000542,MV BHARAT RATNA,Bulk Carrier,2026-09-04 04:35:00,19.234055,71.782931,11.65,52.0,49.4,0,NORMAL
419000542,MV BHARAT RATNA,Bulk Carrier,2026-09-04 04:40:00,19.244336,71.79561,11.38,50.2,49.4,0,NORMAL
419000542,MV BHARAT RATNA,Bulk Carrier,2026-09-04 04:45:00,19.254608,71.808279,11.37,48.3,49.4,0,NORMAL
419000542,MV BHARAT RATNA,Bulk Carrier,2026-09-04 04:50:00,19.265015,71.821116,11.52,48.0,49.4,0,NORMAL
419000542,MV BHARAT RATNA,Bulk Carrier,2026-09-04 04:55:00,19.275358,71.833874,11.45,47.3,49.4,0,NORMAL
419000542,MV BHARAT RATNA,Bulk Carrier,2026-09-04 05:00:00,19.28568,71.846607,11.42,50.3,49.4,0,NORMAL
419000542,MV BHARAT RATNA,Bulk Carrier,2026-09-04 05:05:00,19.295857,71.859163,11.26,49.4,49.4,0,NORMAL
419000542,MV BHARAT RATNA,Bulk Carrier,2026-09-04 05:10:00,19.306297,71.872044,11.56,50.3,49.4,0,NORMAL
419000542,MV BHARAT RATNA,Bulk Carrier,2026-09-04 05:15:00,19.316639,71.884804,11.45,51.6,49.4,0,NORMAL
419000542,MV BHARAT RATNA,Bulk Carrier,2026-09-04 05:20:00,19.32627,71.896688,10.66,55.3,49.4,0,NORMAL
419000542,MV BHARAT RATNA,Bulk Carrier,2026-09-04 05:25:00,19.336345,71.909121,11.15,50.2,49.4,0,NORMAL
419000542,MV BHARAT RATNA,Bulk Carrier,2026-09-04 05:30:00,19.346396,71.921524,11.12,50.7,49.4,0,NORMAL
419000542,MV BHARAT RATNA,Bulk Carrier,2026-09-04 05:35:00,19.356886,71.934471,11.61,48.1,49.4,0,NORMAL
419000542,MV BHARAT RATNA,Bulk Carrier,2026-09-04 05:40:00,19.367664,71.947773,11.93,49.1,49.4,0,NORMAL
419000542,MV BHARAT RATNA,Bulk Carrier,2026-09-04 05:45:00,19.378252,71.960842,11.72,47.6,49.4,0,NORMAL
419000542,MV BHARAT RATNA,Bulk Carrier,2026-09-04 05:50:00,19.38863,71.973654,11.49,53.4,49.4,0,NORMAL
419000542,MV BHARAT RATNA,Bulk Carrier,2026-09-04 05:55:00,19.399369,71.98691,11.89,50.0,49.4,0,NORMAL
419000542,MV BHARAT RATNA,Bulk Carrier,2026-09-04 06:00:00,19.409596,71.999536,11.32,49.5,49.4,0,NORMAL
419000542,MV BHARAT RATNA,Bulk Carrier,2026-09-04 06:05:00,19.420058,72.012453,11.58,50.3,49.4,0,NORMAL
419000542,MV BHARAT RATNA,Bulk Carrier,2026-09-04 06:10:00,19.430059,72.024801,11.07,50.8,49.4,0,NORMAL
419000542,MV BHARAT RATNA,Bulk Carrier,2026-09-04 06:15:00,19.440055,72.037144,11.06,52.7,49.4,0,NORMAL
419000542,MV BHARAT RATNA,Bulk Carrier,2026-09-04 06:20:00,19.450166,72.04963,11.19,50.0,49.4,0,NORMAL
419000542,MV BHARAT RATNA,Bulk Carrier,2026-09-04 06:25:00,19.46092,72.06291,11.9,48.9,49.4,0,NORMAL
419000542,MV BHARAT RATNA,Bulk Carrier,2026-09-04 06:30:00,19.471433,72.075894,11.64,52.3,49.4,0,NORMAL
419000542,MV BHARAT RATNA,Bulk Carrier,2026-09-04 06:35:00,19.482027,72.088979,11.73,50.1,49.4,0,NORMAL
419000542,MV BHARAT RATNA,Bulk Carrier,2026-09-04 06:40:00,19.491808,72.10106,10.83,47.5,49.4,0,NORMAL
419000542,MV BHARAT RATNA,Bulk Carrier,2026-09-04 06:45:00,19.502576,72.114362,11.92,50.6,49.4,0,NORMAL
419000542,MV BHARAT RATNA,Bulk Carrier,2026-09-04 06:50:00,19.513227,72.12752,11.79,50.7,49.4,0,NORMAL
419000542,MV BHARAT RATNA,Bulk Carrier,2026-09-04 06:55:00,19.524083,72.140932,12.02,48.9,49.4,0,NORMAL
419000542,MV BHARAT RATNA,Bulk Carrier,2026-09-04 07:00:00,19.534517,72.153823,11.55,47.4,49.4,0,NORMAL
419000542,MV BHARAT RATNA,Bulk Carrier,2026-09-04 07:05:00,19.544445,72.16609,10.99,46.1,49.4,0,NORMAL
419000542,MV BHARAT RATNA,Bulk Carrier,2026-09-04 07:10:00,19.554515,72.178533,11.15,52.5,49.4,0,NORMAL
419000542,MV BHARAT RATNA,Bulk Carrier,2026-09-04 07:15:00,19.564344,72.190679,10.88,48.8,49.4,0,NORMAL
419000542,MV BHARAT RATNA,Bulk Carrier,2026-09-04 07:20:00,19.574267,72.202942,10.98,48.2,49.4,0,NORMAL
419000542,MV BHARAT RATNA,Bulk Carrier,2026-09-04 07:25:00,19.584718,72.215858,11.57,48.0,49.4,0,NORMAL
419000542,MV BHARAT RATNA,Bulk Carrier,2026-09-04 07:30:00,19.595502,72.229187,11.94,52.5,49.4,0,NORMAL
419000542,MV BHARAT RATNA,Bulk Carrier,2026-09-04 07:35:00,19.605079,72.241025,10.6,48.0,49.4,0,NORMAL
419000542,MV BHARAT RATNA,Bulk Carrier,2026-09-04 07:40:00,19.615491,72.253895,11.52,51.7,49.4,0,NORMAL
419000542,MV BHARAT RATNA,Bulk Carrier,2026-09-04 07:45:00,19.625717,72.266536,11.32,49.4,49.4,0,NORMAL
419000542,MV BHARAT RATNA,Bulk Carrier,2026-09-04 07:50:00,19.635689,72.278865,11.04,46.3,49.4,0,NORMAL
419000542,MV BHARAT RATNA,Bulk Carrier,2026-09-04 07:55:00,19.646601,72.292356,12.08,45.8,49.4,0,NORMAL
419000542,MV BHARAT RATNA,Bulk Carrier,2026-09-04 08:00:00,19.657833,72.306244,12.43,50.9,49.4,0,NORMAL
419000542,MV BHARAT RATNA,Bulk Carrier,2026-09-04 08:05:00,19.668468,72.319395,11.77,50.6,49.4,0,NORMAL
419000542,MV BHARAT RATNA,Bulk Carrier,2026-09-04 08:10:00,19.678767,72.332131,11.4,50.2,49.4,0,NORMAL
419000542,MV BHARAT RATNA,Bulk Carrier,2026-09-04 08:15:00,19.689089,72.344896,11.42,50.5,49.4,0,NORMAL
419000542,MV BHARAT RATNA,Bulk Carrier,2026-09-04 08:20:00,19.699467,72.357731,11.49,47.5,49.4,0,NORMAL
419000542,MV BHARAT RATNA,Bulk Carrier,2026-09-04 08:25:00,19.709542,72.370193,11.15,47.4,49.4,0,NORMAL
419000542,MV BHARAT RATNA,Bulk Carrier,2026-09-04 08:30:00,19.720283,72.383479,11.89,48.2,49.4,0,NORMAL
419000542,MV BHARAT RATNA,Bulk Carrier,2026-09-04 08:35:00,19.729982,72.395477,10.74,50.2,49.4,0,NORMAL
419000542,MV BHARAT RATNA,Bulk Carrier,2026-09-04 08:40:00,19.74092,72.409007,12.11,51.0,49.4,0,NORMAL
419000542,MV BHARAT RATNA,Bulk Carrier,2026-09-04 08:45:00,19.751092,72.421592,11.26,46.2,49.4,0,NORMAL
419000542,MV BHARAT RATNA,Bulk Carrier,2026-09-04 08:50:00,19.761433,72.434387,11.45,49.1,49.4,0,NORMAL
419000542,MV BHARAT RATNA,Bulk Carrier,2026-09-04 08:55:00,19.771473,72.44681,11.11,50.5,49.4,0,NORMAL
419000542,MV BHARAT RATNA,Bulk Carrier,2026-09-04 09:00:00,19.78253,72.460492,12.24,49.9,49.4,0,NORMAL
419000542,MV BHARAT RATNA,Bulk Carrier,2026-09-04 09:05:00,19.792978,72.473422,11.56,47.5,49.4,0,NORMAL
419000542,MV BHARAT RATNA,Bulk Carrier,2026-09-04 09:10:00,19.803873,72.486905,12.06,49.3,49.4,0,NORMAL
419000542,MV BHARAT RATNA,Bulk Carrier,2026-09-04 09:15:00,19.814054,72.499506,11.27,49.5,49.4,0,NORMAL
419000542,MV BHARAT RATNA,Bulk Carrier,2026-09-04 09:20:00,19.824615,72.512577,11.69,49.7,49.4,0,NORMAL
419000542,MV BHARAT RATNA,Bulk Carrier,2026-09-04 09:25:00,19.835441,72.525978,11.98,50.2,49.4,0,NORMAL
419000542,MV BHARAT RATNA,Bulk Carrier,2026-09-04 09:30:00,19.845728,72.538713,11.39,50.2,49.4,0,NORMAL
419000542,MV BHARAT RATNA,Bulk Carrier,2026-09-04 09:35:00,19.856299,72.551799,11.7,46.8,49.4,0,NORMAL
419000542,MV BHARAT RATNA,Bulk Carrier,2026-09-04 09:40:00,19.867104,72.565177,11.96,48.8,49.4,0,NORMAL
419000542,MV BHARAT RATNA,Bulk Carrier,2026-09-04 09:45:00,19.877395,72.577919,11.39,50.9,49.4,0,NORMAL
419000542,MV BHARAT RATNA,Bulk Carrier,2026-09-04 09:50:00,19.888055,72.591119,11.8,48.0,49.4,0,NORMAL
419000542,MV BHARAT RATNA,Bulk Carrier,2026-09-04 09:55:00,19.898735,72.604344,11.82,48.3,49.4,0,NORMAL
419000542,MV BHARAT RATNA,Bulk Carrier,2026-09-04 10:00:00,19.909783,72.618026,12.23,47.8,49.4,0,NORMAL
419000542,MV BHARAT RATNA,Bulk Carrier,2026-09-04 10:05:00,19.920259,72.631001,11.6,47.9,49.4,0,NORMAL
419000542,MV BHARAT RATNA,Bulk Carrier,2026-09-04 10:10:00,19.931453,72.644865,12.39,46.9,49.4,0,NORMAL
419000542,MV BHARAT RATNA,Bulk Carrier,2026-09-04 10:15:00,19.942032,72.657969,11.71,47.9,49.4,0,NORMAL
419000542,MV BHARAT RATNA,Bulk Carrier,2026-09-04 10:20:00,19.952294,72.670682,11.36,50.3,49.4,0,NORMAL
419000542,MV BHARAT RATNA,Bulk Carrier,2026-09-04 10:25:00,19.963127,72.684101,11.99,52.7,49.4,0,NORMAL
419000542,MV BHARAT RATNA,Bulk Carrier,2026-09-04 10:30:00,19.972962,72.696286,10.89,50.0,49.4,0,NORMAL
419000542,MV BHARAT RATNA,Bulk Carrier,2026-09-04 10:35:00,19.983879,72.709812,12.08,46.0,49.4,0,NORMAL
419000542,MV BHARAT RATNA,Bulk Carrier,2026-09-04 10:40:00,19.994383,72.722827,11.63,49.4,49.4,0,NORMAL
419000542,MV BHARAT RATNA,Bulk Carrier,2026-09-04 10:45:00,20.004923,72.735888,11.67,47.9,49.4,0,NORMAL
419000542,MV BHARAT RATNA,Bulk Carrier,2026-09-04 10:50:00,20.014794,72.748121,10.93,45.6,49.4,0,NORMAL
419000542,MV BHARAT RATNA,Bulk Carrier,2026-09-04 10:55:00,20.025537,72.761435,11.89,51.6,49.4,0,NORMAL
419000542,MV BHARAT RATNA,Bulk Carrier,2026-09-04 11:00:00,20.036036,72.774448,11.62,48.3,49.4,0,NORMAL
419000542,MV BHARAT RATNA,Bulk Carrier,2026-09-04 11:05:00,20.04584,72.786599,10.85,50.5,49.4,0,NORMAL
419000542,MV BHARAT RATNA,Bulk Carrier,2026-09-04 11:10:00,20.055832,72.798985,11.06,48.0,49.4,0,NORMAL
419000542,MV BHARAT RATNA,Bulk Carrier,2026-09-04 11:15:00,20.06601,72.811602,11.27,49.0,49.4,0,NORMAL
419000542,MV BHARAT RATNA,Bulk Carrier,2026-09-04 11:20:00,20.076126,72.824143,11.2,49.5,49.4,0,NORMAL
419000542,MV BHARAT RATNA,Bulk Carrier,2026-09-04 11:25:00,20.086291,72.836746,11.25,50.8,49.4,0,NORMAL
419000542,MV BHARAT RATNA,Bulk Carrier,2026-09-04 11:30:00,20.097054,72.85009,11.91,49.6,49.4,0,NORMAL
419000542,MV BHARAT RATNA,Bulk Carrier,2026-09-04 11:35:00,20.107611,72.863181,11.69,53.7,49.4,0,NORMAL
419000542,MV BHARAT RATNA,Bulk Carrier,2026-09-04 11:40:00,20.117577,72.87554,11.03,46.9,49.4,0,NORMAL
419000542,MV BHARAT RATNA,Bulk Carrier,2026-09-04 11:45:00,20.128219,72.888736,11.78,53.3,49.4,0,NORMAL
419000542,MV BHARAT RATNA,Bulk Carrier,2026-09-04 11:50:00,20.138514,72.901506,11.4,52.9,49.4,0,NORMAL
419000542,MV BHARAT RATNA,Bulk Carrier,2026-09-04 11:55:00,20.148939,72.914436,11.54,48.1,49.4,0,NORMAL
419000542,MV BHARAT RATNA,Bulk Carrier,2026-09-04 12:00:00,20.158971,72.926879,11.1,50.7,49.4,0,NORMAL
419000542,MV BHARAT RATNA,Bulk Carrier,2026-09-04 12:05:00,20.169031,72.939357,11.13,49.6,49.4,0,NORMAL
419000542,MV BHARAT RATNA,Bulk Carrier,2026-09-04 12:10:00,20.179993,72.952957,12.13,48.8,49.4,0,NORMAL
419000542,MV BHARAT RATNA,Bulk Carrier,2026-09-04 12:15:00,20.190858,72.966436,12.03,47.0,49.4,0,NORMAL
419000542,MV BHARAT RATNA,Bulk Carrier,2026-09-04 12:20:00,20.201055,72.979088,11.29,46.6,49.4,0,NORMAL
419000542,MV BHARAT RATNA,Bulk Carrier,2026-09-04 12:25:00,20.211472,72.992012,11.53,51.0,49.4,0,NORMAL
419000542,MV BHARAT RATNA,Bulk Carrier,2026-09-04 12:30:00,20.221889,73.004939,11.53,51.9,49.4,0,NORMAL
419000542,MV BHARAT RATNA,Bulk Carrier,2026-09-04 12:35:00,20.232008,73.017497,11.2,49.9,49.4,0,NORMAL
419000542,MV BHARAT RATNA,Bulk Carrier,2026-09-04 12:40:00,20.242207,73.030155,11.29,50.1,49.4,0,NORMAL
419000542,MV BHARAT RATNA,Bulk Carrier,2026-09-04 12:45:00,20.25278,73.043276,11.7,50.6,49.4,0,NORMAL
419000542,MV BHARAT RATNA,Bulk Carrier,2026-09-04 12:50:00,20.262783,73.055692,11.07,47.6,49.4,0,NORMAL
419000542,MV BHARAT RATNA,Bulk Carrier,2026-09-04 12:55:00,20.272918,73.068273,11.22,48.9,49.4,0,NORMAL
419000542,MV BHARAT RATNA,Bulk Carrier,2026-09-04 13:00:00,20.28334,73.08121,11.53,50.8,49.4,0,NORMAL
419000542,MV BHARAT RATNA,Bulk Carrier,2026-09-04 13:05:00,20.293423,73.093728,11.16,46.2,49.4,0,NORMAL
419000542,MV BHARAT RATNA,Bulk Carrier,2026-09-04 13:10:00,20.304593,73.107595,12.36,47.2,49.4,0,NORMAL
419000542,MV BHARAT RATNA,Bulk Carrier,2026-09-04 13:15:00,20.315285,73.120871,11.83,49.5,49.4,0,NORMAL
419000542,MV BHARAT RATNA,Bulk Carrier,2026-09-04 13:20:00,20.325766,73.133885,11.6,49.4,49.4,0,NORMAL
419000542,MV BHARAT RATNA,Bulk Carrier,2026-09-04 13:25:00,20.336017,73.146615,11.35,50.3,49.4,0,NORMAL
419000542,MV BHARAT RATNA,Bulk Carrier,2026-09-04 13:30:00,20.346248,73.159321,11.32,51.7,49.4,0,NORMAL
419000542,MV BHARAT RATNA,Bulk Carrier,2026-09-04 13:35:00,20.356844,73.172481,11.73,50.6,49.4,0,NORMAL
419000542,MV BHARAT RATNA,Bulk Carrier,2026-09-04 13:40:00,20.36705,73.185158,11.3,48.9,49.4,0,NORMAL
419000542,MV BHARAT RATNA,Bulk Carrier,2026-09-04 13:45:00,20.377011,73.19753,11.02,48.7,49.4,0,NORMAL
419000542,MV BHARAT RATNA,Bulk Carrier,2026-09-04 13:50:00,20.387027,73.209972,11.09,52.0,49.4,0,NORMAL
419000542,MV BHARAT RATNA,Bulk Carrier,2026-09-04 13:55:00,20.397435,73.222902,11.52,49.8,49.4,0,NORMAL
419000542,MV BHARAT RATNA,Bulk Carrier,2026-09-04 14:00:00,20.407744,73.235709,11.41,49.8,49.4,0,NORMAL
419000542,MV BHARAT RATNA,Bulk Carrier,2026-09-04 14:05:00,20.419025,73.249725,12.49,48.8,49.4,0,NORMAL
419000542,MV BHARAT RATNA,Bulk Carrier,2026-09-04 14:10:00,20.42918,73.262343,11.24,50.5,49.4,0,NORMAL
419000542,MV BHARAT RATNA,Bulk Carrier,2026-09-04 14:15:00,20.438657,73.27412,10.49,49.5,49.4,0,NORMAL
419000542,MV BHARAT RATNA,Bulk Carrier,2026-09-04 14:20:00,20.448912,73.286865,11.35,47.4,49.4,0,NORMAL
419000542,MV BHARAT RATNA,Bulk Carrier,2026-09-04 14:25:00,20.459486,73.300005,11.7,49.5,49.4,0,NORMAL
419000542,MV BHARAT RATNA,Bulk Carrier,2026-09-04 14:30:00,20.469225,73.312109,10.78,48.1,49.4,0,NORMAL
419000542,MV BHARAT RATNA,Bulk Carrier,2026-09-04 14:35:00,20.478571,73.323726,10.34,50.0,49.4,0,NORMAL
419000542,MV BHARAT RATNA,Bulk Carrier,2026-09-04 14:40:00,20.489063,73.336769,11.61,47.8,49.4,0,NORMAL
419000542,MV BHARAT RATNA,Bulk Carrier,2026-09-04 14:45:00,20.499649,73.349927,11.72,46.8,49.4,0,NORMAL
419000542,MV BHARAT RATNA,Bulk Carrier,2026-09-04 14:50:00,20.509689,73.36241,11.11,50.2,49.4,0,NORMAL
419000542,MV BHARAT RATNA,Bulk Carrier,2026-09-04 14:55:00,20.519831,73.375018,11.22,49.3,49.4,0,NORMAL
419000542,MV BHARAT RATNA,Bulk Carrier,2026-09-04 15:00:00,20.530017,73.387684,11.27,48.6,49.4,0,NORMAL
419000542,MV BHARAT RATNA,Bulk Carrier,2026-09-04 15:05:00,20.540274,73.400438,11.35,48.0,49.4,0,NORMAL
419000542,MV BHARAT RATNA,Bulk Carrier,2026-09-04 15:10:00,20.550774,73.413494,11.62,48.2,49.4,0,NORMAL
419000542,MV BHARAT RATNA,Bulk Carrier,2026-09-04 15:15:00,20.561169,73.426423,11.51,48.0,49.4,0,NORMAL
419000542,MV BHARAT RATNA,Bulk Carrier,2026-09-04 15:20:00,20.571005,73.438655,10.89,51.2,49.4,0,NORMAL
419000542,MV BHARAT RATNA,Bulk Carrier,2026-09-04 15:25:00,20.581576,73.451802,11.7,54.0,49.4,0,NORMAL
419000542,MV BHARAT RATNA,Bulk Carrier,2026-09-04 15:30:00,20.591588,73.464257,11.08,49.0,49.4,0,NORMAL
419000542,MV BHARAT RATNA,Bulk Carrier,2026-09-04 15:35:00,20.601932,73.477124,11.45,51.4,49.4,0,NORMAL
419000542,MV BHARAT RATNA,Bulk Carrier,2026-09-04 15:40:00,20.612139,73.489821,11.3,47.1,49.4,0,NORMAL
419000542,MV BHARAT RATNA,Bulk Carrier,2026-09-04 15:45:00,20.622965,73.503291,11.98,48.8,49.4,0,NORMAL
419000542,MV BHARAT RATNA,Bulk Carrier,2026-09-04 15:50:00,20.633673,73.516613,11.85,50.9,49.4,0,NORMAL
419000542,MV BHARAT RATNA,Bulk Carrier,2026-09-04 15:55:00,20.644052,73.529528,11.49,49.1,49.4,0,NORMAL
419000542,MV BHARAT RATNA,Bulk Carrier,2026-09-04 16:00:00,20.654301,73.542281,11.34,49.4,49.4,0,NORMAL
419000542,MV BHARAT RATNA,Bulk Carrier,2026-09-04 16:05:00,20.665003,73.5556,11.85,47.8,49.4,0,NORMAL
419000542,MV BHARAT RATNA,Bulk Carrier,2026-09-04 16:10:00,20.675432,73.568579,11.54,47.2,49.4,0,NORMAL
419000542,MV BHARAT RATNA,Bulk Carrier,2026-09-04 16:15:00,20.685463,73.581064,11.1,49.4,49.4,0,NORMAL
419000542,MV BHARAT RATNA,Bulk Carrier,2026-09-04 16:20:00,20.695144,73.593115,10.72,53.5,49.4,0,NORMAL
419000542,MV BHARAT RATNA,Bulk Carrier,2026-09-04 16:25:00,20.705103,73.605512,11.02,49.3,49.4,0,NORMAL
419000542,MV BHARAT RATNA,Bulk Carrier,2026-09-04 16:30:00,20.715916,73.618972,11.97,47.7,49.4,0,NORMAL
419000542,MV BHARAT RATNA,Bulk Carrier,2026-09-04 16:35:00,20.725473,73.630871,10.58,48.5,49.4,0,NORMAL
228394000,CMA CGM INDUS,Container Ship,2026-09-04 00:00:00,18.925015,70.991544,17.73,69.6,67.5,0,NORMAL
228394000,CMA CGM INDUS,Container Ship,2026-09-04 00:05:00,18.934462,71.015566,17.76,71.1,67.5,0,NORMAL
228394000,CMA CGM INDUS,Container Ship,2026-09-04 00:10:00,18.944182,71.040284,18.27,66.5,67.5,0,NORMAL
228394000,CMA CGM INDUS,Container Ship,2026-09-04 00:15:00,18.954217,71.065805,18.86,66.3,67.5,0,NORMAL
228394000,CMA CGM INDUS,Container Ship,2026-09-04 00:20:00,18.96395,71.090561,18.3,68.1,67.5,0,NORMAL
228394000,CMA CGM INDUS,Container Ship,2026-09-04 00:25:00,18.973803,71.115621,18.52,70.6,67.5,0,NORMAL
228394000,CMA CGM INDUS,Container Ship,2026-09-04 00:30:00,18.983386,71.139995,18.01,66.0,67.5,0,NORMAL
228394000,CMA CGM INDUS,Container Ship,2026-09-04 00:35:00,18.99306,71.164603,18.18,66.1,67.5,0,NORMAL
228394000,CMA CGM INDUS,Container Ship,2026-09-04 00:40:00,19.003064,71.190052,18.81,67.7,67.5,0,NORMAL
228394000,CMA CGM INDUS,Container Ship,2026-09-04 00:45:00,19.012562,71.214216,17.85,67.8,67.5,0,NORMAL
228394000,CMA CGM INDUS,Container Ship,2026-09-04 00:50:00,19.021852,71.237849,17.46,65.5,67.5,0,NORMAL
228394000,CMA CGM INDUS,Container Ship,2026-09-04 00:55:00,19.031683,71.262864,18.48,66.2,67.5,0,NORMAL
228394000,CMA CGM INDUS,Container Ship,2026-09-04 01:00:00,19.041036,71.286662,17.58,68.5,67.5,0,NORMAL
228394000,CMA CGM INDUS,Container Ship,2026-09-04 01:05:00,19.050864,71.311671,18.47,68.9,67.5,0,NORMAL
228394000,CMA CGM INDUS,Container Ship,2026-09-04 01:10:00,19.060652,71.336579,18.4,66.0,67.5,0,NORMAL
228394000,CMA CGM INDUS,Container Ship,2026-09-04 01:15:00,19.069925,71.360179,17.43,70.5,67.5,0,NORMAL
228394000,CMA CGM INDUS,Container Ship,2026-09-04 01:20:00,19.079433,71.384375,17.87,67.0,67.5,0,NORMAL
228394000,CMA CGM INDUS,Container Ship,2026-09-04 01:25:00,19.089291,71.409467,18.53,68.6,67.5,0,NORMAL
228394000,CMA CGM INDUS,Container Ship,2026-09-04 01:30:00,19.098964,71.434088,18.18,71.8,67.5,0,NORMAL
228394000,CMA CGM INDUS,Container Ship,2026-09-04 01:35:00,19.108403,71.458115,17.74,69.3,67.5,0,NORMAL
228394000,CMA CGM INDUS,Container Ship,2026-09-04 01:40:00,19.117991,71.482523,18.02,68.0,67.5,0,NORMAL
228394000,CMA CGM INDUS,Container Ship,2026-09-04 01:45:00,19.127892,71.507729,18.61,68.5,67.5,0,NORMAL
228394000,CMA CGM INDUS,Container Ship,2026-09-04 01:50:00,19.137583,71.5324,18.22,69.6,67.5,0,NORMAL
228394000,CMA CGM INDUS,Container Ship,2026-09-04 01:55:00,19.147081,71.556584,17.85,65.8,67.5,0,NORMAL
228394000,CMA CGM INDUS,Container Ship,2026-09-04 02:00:00,19.156434,71.5804,17.58,63.5,67.5,0,NORMAL
228394000,CMA CGM INDUS,Container Ship,2026-09-04 02:05:00,19.166448,71.605898,18.82,65.3,67.5,0,NORMAL
228394000,CMA CGM INDUS,Container Ship,2026-09-04 02:10:00,19.175977,71.630164,17.91,66.9,67.5,0,NORMAL
228394000,CMA CGM INDUS,Container Ship,2026-09-04 02:15:00,19.185618,71.654717,18.12,69.1,67.5,0,NORMAL
228394000,CMA CGM INDUS,Container Ship,2026-09-04 02:20:00,19.195377,71.679572,18.34,66.3,67.5,0,NORMAL
228394000,CMA CGM INDUS,Container Ship,2026-09-04 02:25:00,19.204917,71.703871,17.93,68.0,67.5,0,NORMAL
228394000,CMA CGM INDUS,Container Ship,2026-09-04 02:30:00,19.21444,71.728127,17.9,70.7,67.5,0,NORMAL
228394000,CMA CGM INDUS,Container Ship,2026-09-04 02:35:00,19.22412,71.752786,18.2,68.9,67.5,0,NORMAL
228394000,CMA CGM INDUS,Container Ship,2026-09-04 02:40:00,19.233837,71.777539,18.27,69.8,67.5,0,NORMAL
228394000,CMA CGM INDUS,Container Ship,2026-09-04 02:45:00,19.243452,71.802033,18.07,64.9,67.5,0,NORMAL
228394000,CMA CGM INDUS,Container Ship,2026-09-04 02:50:00,19.253113,71.826646,18.16,66.2,67.5,0,NORMAL
228394000,CMA CGM INDUS,Container Ship,2026-09-04 02:55:00,19.262576,71.850758,17.79,68.6,67.5,0,NORMAL
228394000,CMA CGM INDUS,Container Ship,2026-09-04 03:00:00,19.272416,71.875829,18.5,67.5,67.5,0,NORMAL
228394000,CMA CGM INDUS,Container Ship,2026-09-04 03:05:00,19.282057,71.900398,18.12,70.9,67.5,0,NORMAL
228394000,CMA CGM INDUS,Container Ship,2026-09-04 03:10:00,19.291684,71.924931,18.1,72.7,67.5,0,NORMAL
228394000,CMA CGM INDUS,Container Ship,2026-09-04 03:15:00,19.301381,71.949642,18.23,64.0,67.5,0,NORMAL
228394000,CMA CGM INDUS,Container Ship,2026-09-04 03:20:00,19.311117,71.974456,18.3,68.2,67.5,0,NORMAL
228394000,CMA CGM INDUS,Container Ship,2026-09-04 03:25:00,19.320967,71.999562,18.52,68.8,67.5,0,NORMAL
228394000,CMA CGM INDUS,Container Ship,2026-09-04 03:30:00,19.330513,72.023896,17.94,65.0,67.5,0,NORMAL
228394000,CMA CGM INDUS,Container Ship,2026-09-04 03:35:00,19.340045,72.048192,17.92,65.8,67.5,0,NORMAL
228394000,CMA CGM INDUS,Container Ship,2026-09-04 03:40:00,19.349497,72.072288,17.77,68.7,67.5,0,NORMAL
228394000,CMA CGM INDUS,Container Ship,2026-09-04 03:45:00,19.359428,72.097607,18.67,68.3,67.5,0,NORMAL
228394000,CMA CGM INDUS,Container Ship,2026-09-04 03:50:00,19.36875,72.121372,17.52,68.4,67.5,0,NORMAL
228394000,CMA CGM INDUS,Container Ship,2026-09-04 03:55:00,19.37858,72.146437,18.48,66.3,67.5,0,NORMAL
228394000,CMA CGM INDUS,Container Ship,2026-09-04 04:00:00,19.388128,72.170781,17.95,67.5,67.5,0,NORMAL
228394000,CMA CGM INDUS,Container Ship,2026-09-04 04:05:00,19.397537,72.194774,17.69,68.8,67.5,0,NORMAL
228394000,CMA CGM INDUS,Container Ship,2026-09-04 04:10:00,19.407087,72.219128,17.95,68.3,67.5,0,NORMAL
228394000,CMA CGM INDUS,Container Ship,2026-09-04 04:15:00,19.416474,72.243068,17.65,66.6,67.5,0,NORMAL
228394000,CMA CGM INDUS,Container Ship,2026-09-04 04:20:00,19.426203,72.267883,18.29,66.7,67.5,0,NORMAL
228394000,CMA CGM INDUS,Container Ship,2026-09-04 04:25:00,19.436147,72.293244,18.69,66.7,67.5,0,NORMAL
228394000,CMA CGM INDUS,Container Ship,2026-09-04 04:30:00,19.445771,72.317792,18.09,69.3,67.5,0,NORMAL
228394000,CMA CGM INDUS,Container Ship,2026-09-04 04:35:00,19.455045,72.341449,17.43,64.0,67.5,0,NORMAL
228394000,CMA CGM INDUS,Container Ship,2026-09-04 04:40:00,19.464296,72.365049,17.39,70.0,67.5,0,NORMAL
228394000,CMA CGM INDUS,Container Ship,2026-09-04 04:45:00,19.473754,72.38918,17.78,72.6,67.5,0,NORMAL
228394000,CMA CGM INDUS,Container Ship,2026-09-04 04:50:00,19.48321,72.413305,17.77,67.8,67.5,0,NORMAL
228394000,CMA CGM INDUS,Container Ship,2026-09-04 04:55:00,19.493114,72.438575,18.62,71.5,67.5,0,NORMAL
228394000,CMA CGM INDUS,Container Ship,2026-09-04 05:00:00,19.503129,72.464128,18.82,69.9,67.5,0,NORMAL
228394000,CMA CGM INDUS,Container Ship,2026-09-04 05:05:00,19.512923,72.48912,18.41,68.7,67.5,0,NORMAL
228394000,CMA CGM INDUS,Container Ship,2026-09-04 05:10:00,19.522664,72.51398,18.31,66.4,67.5,0,NORMAL
228394000,CMA CGM INDUS,Container Ship,2026-09-04 05:15:00,19.532066,72.537975,17.67,67.5,67.5,0,NORMAL
228394000,CMA CGM INDUS,Container Ship,2026-09-04 05:20:00,19.541605,72.562322,17.93,66.6,67.5,0,NORMAL
228394000,CMA CGM INDUS,Container Ship,2026-09-04 05:25:00,19.55133,72.587142,18.28,69.4,67.5,0,NORMAL
228394000,CMA CGM INDUS,Container Ship,2026-09-04 05:30:00,19.560924,72.611633,18.04,70.4,67.5,0,NORMAL
228394000,CMA CGM INDUS,Container Ship,2026-09-04 05:35:00,19.570257,72.635458,17.54,67.1,67.5,0,NORMAL
228394000,CMA CGM INDUS,Container Ship,2026-09-04 05:40:00,19.579681,72.659514,17.71,63.7,67.5,0,NORMAL
228394000,CMA CGM INDUS,Container Ship,2026-09-04 05:45:00,19.589239,72.683916,17.97,67.2,67.5,0,NORMAL
228394000,CMA CGM INDUS,Container Ship,2026-09-04 05:50:00,19.599137,72.709188,18.61,68.7,67.5,0,NORMAL
228394000,CMA CGM INDUS,Container Ship,2026-09-04 05:55:00,19.608495,72.733081,17.59,71.2,67.5,0,NORMAL
228394000,CMA CGM INDUS,Container Ship,2026-09-04 06:00:00,19.61833,72.758197,18.49,68.6,67.5,0,NORMAL
228394000,CMA CGM INDUS,Container Ship,2026-09-04 06:05:00,19.627858,72.782527,17.91,65.6,67.5,0,NORMAL
228394000,CMA CGM INDUS,Container Ship,2026-09-04 06:10:00,19.637355,72.806779,17.85,69.7,67.5,0,NORMAL
228394000,CMA CGM INDUS,Container Ship,2026-09-04 06:15:00,19.647332,72.83226,18.75,70.6,67.5,0,NORMAL
228394000,CMA CGM INDUS,Container Ship,2026-09-04 06:20:00,19.656804,72.856452,17.8,65.2,67.5,0,NORMAL
228394000,CMA CGM INDUS,Container Ship,2026-09-04 06:25:00,19.666409,72.880987,18.06,63.9,67.5,0,NORMAL
228394000,CMA CGM INDUS,Container Ship,2026-09-04 06:30:00,19.676054,72.905624,18.13,67.2,67.5,0,NORMAL
228394000,CMA CGM INDUS,Container Ship,2026-09-04 06:35:00,19.685531,72.929832,17.81,64.3,67.5,0,NORMAL
228394000,CMA CGM INDUS,Container Ship,2026-09-04 06:40:00,19.695216,72.954575,18.21,66.4,67.5,0,NORMAL
228394000,CMA CGM INDUS,Container Ship,2026-09-04 06:45:00,19.704543,72.978404,17.53,61.7,67.5,0,NORMAL
228394000,CMA CGM INDUS,Container Ship,2026-09-04 06:50:00,19.714113,73.002855,17.99,71.0,67.5,0,NORMAL
228394000,CMA CGM INDUS,Container Ship,2026-09-04 06:55:00,19.724042,73.028227,18.66,66.6,67.5,0,NORMAL
228394000,CMA CGM INDUS,Container Ship,2026-09-04 07:00:00,19.73349,73.052368,17.76,68.4,67.5,0,NORMAL
228394000,CMA CGM INDUS,Container Ship,2026-09-04 07:05:00,19.742854,73.076296,17.6,68.1,67.5,0,NORMAL
228394000,CMA CGM INDUS,Container Ship,2026-09-04 07:10:00,19.752592,73.101185,18.31,69.9,67.5,0,NORMAL
228394000,CMA CGM INDUS,Container Ship,2026-09-04 07:15:00,19.762147,73.125605,17.96,67.1,67.5,0,NORMAL
228394000,CMA CGM INDUS,Container Ship,2026-09-04 07:20:00,19.771536,73.149602,17.65,65.8,67.5,0,NORMAL
228394000,CMA CGM INDUS,Container Ship,2026-09-04 07:25:00,19.781064,73.173956,17.91,68.2,67.5,0,NORMAL
228394000,CMA CGM INDUS,Container Ship,2026-09-04 07:30:00,19.790834,73.198931,18.37,65.9,67.5,0,NORMAL
228394000,CMA CGM INDUS,Container Ship,2026-09-04 07:35:00,19.800728,73.224223,18.6,66.9,67.5,0,NORMAL
228394000,CMA CGM INDUS,Container Ship,2026-09-04 07:40:00,19.810299,73.248692,17.99,66.0,67.5,0,NORMAL
228394000,CMA CGM INDUS,Container Ship,2026-09-04 07:45:00,19.819359,73.271856,17.03,69.2,67.5,0,NORMAL
228394000,CMA CGM INDUS,Container Ship,2026-09-04 07:50:00,19.829092,73.296741,18.29,66.9,67.5,0,NORMAL
228394000,CMA CGM INDUS,Container Ship,2026-09-04 07:55:00,19.838682,73.321263,18.03,68.5,67.5,0,NORMAL
228394000,CMA CGM INDUS,Container Ship,2026-09-04 08:00:00,19.847925,73.344899,17.37,66.4,67.5,0,NORMAL
228394000,CMA CGM INDUS,Container Ship,2026-09-04 08:05:00,19.85767,73.36982,18.32,65.0,67.5,0,NORMAL
228394000,CMA CGM INDUS,Container Ship,2026-09-04 08:10:00,19.867308,73.39447,18.12,64.8,67.5,0,NORMAL
228394000,CMA CGM INDUS,Container Ship,2026-09-04 08:15:00,19.876984,73.419215,18.19,67.4,67.5,0,NORMAL
228394000,CMA CGM INDUS,Container Ship,2026-09-04 08:20:00,19.886216,73.442829,17.35,69.8,67.5,0,NORMAL
228394000,CMA CGM INDUS,Container Ship,2026-09-04 08:25:00,19.895635,73.466923,17.71,65.9,67.5,0,NORMAL
228394000,CMA CGM INDUS,Container Ship,2026-09-04 08:30:00,19.905254,73.491528,18.08,69.8,67.5,0,NORMAL
228394000,CMA CGM INDUS,Container Ship,2026-09-04 08:35:00,19.914614,73.515473,17.59,67.6,67.5,0,NORMAL
228394000,CMA CGM INDUS,Container Ship,2026-09-04 08:40:00,19.924281,73.540205,18.17,68.9,67.5,0,NORMAL
228394000,CMA CGM INDUS,Container Ship,2026-09-04 08:45:00,19.933894,73.564801,18.07,66.7,67.5,0,NORMAL
228394000,CMA CGM INDUS,Container Ship,2026-09-04 08:50:00,19.943294,73.588852,17.67,67.6,67.5,0,NORMAL
228394000,CMA CGM INDUS,Container Ship,2026-09-04 08:55:00,19.952642,73.612772,17.57,61.6,67.5,0,NORMAL
228394000,CMA CGM INDUS,Container Ship,2026-09-04 09:00:00,19.96231,73.637514,18.17,69.3,67.5,0,NORMAL
228394000,CMA CGM INDUS,Container Ship,2026-09-04 09:05:00,19.971384,73.660733,17.05,65.5,67.5,0,NORMAL
228394000,CMA CGM INDUS,Container Ship,2026-09-04 09:10:00,19.981091,73.685578,18.25,71.6,67.5,0,NORMAL
228394000,CMA CGM INDUS,Container Ship,2026-09-04 09:15:00,19.990672,73.710098,18.01,66.0,67.5,0,NORMAL
228394000,CMA CGM INDUS,Container Ship,2026-09-04 09:20:00,20.000208,73.734509,17.93,70.2,67.5,0,NORMAL
228394000,CMA CGM INDUS,Container Ship,2026-09-04 09:25:00,20.009647,73.75867,17.74,65.9,67.5,0,NORMAL
228394000,CMA CGM INDUS,Container Ship,2026-09-04 09:30:00,20.01912,73.78292,17.81,65.6,67.5,0,NORMAL
228394000,CMA CGM INDUS,Container Ship,2026-09-04 09:35:00,20.028722,73.807502,18.05,70.7,67.5,0,NORMAL
228394000,CMA CGM INDUS,Container Ship,2026-09-04 09:40:00,20.038367,73.832194,18.13,67.0,67.5,0,NORMAL
228394000,CMA CGM INDUS,Container Ship,2026-09-04 09:45:00,20.04788,73.856553,17.88,64.3,67.5,0,NORMAL
228394000,CMA CGM INDUS,Container Ship,2026-09-04 09:50:00,20.057644,73.881554,18.35,67.3,67.5,0,NORMAL
228394000,CMA CGM INDUS,Container Ship,2026-09-04 09:55:00,20.067182,73.905977,17.93,73.9,67.5,0,NORMAL
228394000,CMA CGM INDUS,Container Ship,2026-09-04 10:00:00,20.076821,73.930662,18.12,66.0,67.5,0,NORMAL
228394000,CMA CGM INDUS,Container Ship,2026-09-04 10:05:00,20.086306,73.954954,17.83,69.8,67.5,0,NORMAL
228394000,CMA CGM INDUS,Container Ship,2026-09-04 10:10:00,20.095906,73.979541,18.05,64.6,67.5,0,NORMAL
228394000,CMA CGM INDUS,Container Ship,2026-09-04 10:15:00,20.105678,74.004569,18.37,66.1,67.5,0,NORMAL
228394000,CMA CGM INDUS,Container Ship,2026-09-04 10:20:00,20.115652,74.030119,18.75,69.6,67.5,0,NORMAL
228394000,CMA CGM INDUS,Container Ship,2026-09-04 10:25:00,20.125133,74.054405,17.82,70.0,67.5,0,NORMAL
228394000,CMA CGM INDUS,Container Ship,2026-09-04 10:30:00,20.134723,74.078974,18.03,69.2,67.5,0,NORMAL
228394000,CMA CGM INDUS,Container Ship,2026-09-04 10:35:00,20.144402,74.103771,18.19,65.8,67.5,0,NORMAL
228394000,CMA CGM INDUS,Container Ship,2026-09-04 10:40:00,20.153841,74.127955,17.74,69.5,67.5,0,NORMAL
228394000,CMA CGM INDUS,Container Ship,2026-09-04 10:45:00,20.163346,74.152308,17.87,66.7,67.5,0,NORMAL
228394000,CMA CGM INDUS,Container Ship,2026-09-04 10:50:00,20.172719,74.176325,17.62,68.3,67.5,0,NORMAL
228394000,CMA CGM INDUS,Container Ship,2026-09-04 10:55:00,20.182733,74.201989,18.83,65.3,67.5,0,NORMAL
228394000,CMA CGM INDUS,Container Ship,2026-09-04 11:00:00,20.192315,74.226543,18.01,70.3,67.5,0,NORMAL
228394000,CMA CGM INDUS,Container Ship,2026-09-04 11:05:00,20.201873,74.251042,17.97,68.4,67.5,0,NORMAL
228394000,CMA CGM INDUS,Container Ship,2026-09-04 11:10:00,20.211223,74.275006,17.58,68.3,67.5,0,NORMAL
228394000,CMA CGM INDUS,Container Ship,2026-09-04 11:15:00,20.220759,74.299449,17.93,69.4,67.5,0,NORMAL
228394000,CMA CGM INDUS,Container Ship,2026-09-04 11:20:00,20.230588,74.324643,18.47,72.7,67.5,0,NORMAL
228394000,CMA CGM INDUS,Container Ship,2026-09-04 11:25:00,20.240287,74.349508,18.23,68.1,67.5,0,NORMAL
228394000,CMA CGM INDUS,Container Ship,2026-09-04 11:30:00,20.249904,74.374163,18.08,66.8,67.5,0,NORMAL
228394000,CMA CGM INDUS,Container Ship,2026-09-04 11:35:00,20.259552,74.398899,18.14,66.9,67.5,0,NORMAL
228394000,CMA CGM INDUS,Container Ship,2026-09-04 11:40:00,20.269164,74.423544,18.07,70.1,67.5,0,NORMAL
228394000,CMA CGM INDUS,Container Ship,2026-09-04 11:45:00,20.278526,74.447549,17.6,69.8,67.5,0,NORMAL
228394000,CMA CGM INDUS,Container Ship,2026-09-04 11:50:00,20.288382,74.472824,18.53,67.2,67.5,0,NORMAL
228394000,CMA CGM INDUS,Container Ship,2026-09-04 11:55:00,20.297506,74.496223,17.15,66.3,67.5,0,NORMAL
228394000,CMA CGM INDUS,Container Ship,2026-09-04 12:00:00,20.307358,74.52149,18.52,67.4,67.5,0,NORMAL
228394000,CMA CGM INDUS,Container Ship,2026-09-04 12:05:00,20.316721,74.545504,17.6,66.5,67.5,0,NORMAL
228394000,CMA CGM INDUS,Container Ship,2026-09-04 12:10:00,20.326476,74.570525,18.34,68.6,67.5,0,NORMAL
228394000,CMA CGM INDUS,Container Ship,2026-09-04 12:15:00,20.336001,74.594958,17.9,66.7,67.5,0,NORMAL
228394000,CMA CGM INDUS,Container Ship,2026-09-04 12:20:00,20.345494,74.619309,17.84,65.6,67.5,0,NORMAL
228394000,CMA CGM INDUS,Container Ship,2026-09-04 12:25:00,20.355413,74.644758,18.65,66.8,67.5,0,NORMAL
228394000,CMA CGM INDUS,Container Ship,2026-09-04 12:30:00,20.365248,74.66999,18.49,70.5,67.5,0,NORMAL
228394000,CMA CGM INDUS,Container Ship,2026-09-04 12:35:00,20.375037,74.695105,18.4,66.6,67.5,0,NORMAL
228394000,CMA CGM INDUS,Container Ship,2026-09-04 12:40:00,20.384698,74.719896,18.16,67.4,67.5,0,NORMAL
228394000,CMA CGM INDUS,Container Ship,2026-09-04 12:45:00,20.394082,74.743975,17.64,68.1,67.5,0,NORMAL
228394000,CMA CGM INDUS,Container Ship,2026-09-04 12:50:00,20.403407,74.767906,17.53,69.9,67.5,0,NORMAL
228394000,CMA CGM INDUS,Container Ship,2026-09-04 12:55:00,20.412884,74.792228,17.81,67.9,67.5,0,NORMAL
228394000,CMA CGM INDUS,Container Ship,2026-09-04 13:00:00,20.42252,74.816959,18.11,67.0,67.5,0,NORMAL
228394000,CMA CGM INDUS,Container Ship,2026-09-04 13:05:00,20.432221,74.841859,18.23,66.5,67.5,0,NORMAL
228394000,CMA CGM INDUS,Container Ship,2026-09-04 13:10:00,20.441982,74.866915,18.35,64.8,67.5,0,NORMAL
228394000,CMA CGM INDUS,Container Ship,2026-09-04 13:15:00,20.451585,74.891566,18.05,71.4,67.5,0,NORMAL
228394000,CMA CGM INDUS,Container Ship,2026-09-04 13:20:00,20.460948,74.915603,17.6,66.1,67.5,0,NORMAL
228394000,CMA CGM INDUS,Container Ship,2026-09-04 13:25:00,20.470633,74.940468,18.21,67.8,67.5,0,NORMAL
228394000,CMA CGM INDUS,Container Ship,2026-09-04 13:30:00,20.480284,74.965246,18.14,68.5,67.5,0,NORMAL
228394000,CMA CGM INDUS,Container Ship,2026-09-04 13:35:00,20.489995,74.990181,18.25,69.7,67.5,0,NORMAL
228394000,CMA CGM INDUS,Container Ship,2026-09-04 13:40:00,20.499658,75.014994,18.16,67.0,67.5,0,NORMAL
228394000,CMA CGM INDUS,Container Ship,2026-09-04 13:45:00,20.509377,75.039953,18.27,71.3,67.5,0,NORMAL
228394000,CMA CGM INDUS,Container Ship,2026-09-04 13:50:00,20.518924,75.064473,17.95,65.5,67.5,0,NORMAL
228394000,CMA CGM INDUS,Container Ship,2026-09-04 13:55:00,20.528736,75.089672,18.44,67.2,67.5,0,NORMAL
228394000,CMA CGM INDUS,Container Ship,2026-09-04 14:00:00,20.537849,75.11308,17.13,69.2,67.5,0,NORMAL
228394000,CMA CGM INDUS,Container Ship,2026-09-04 14:05:00,20.547311,75.137385,17.79,67.3,67.5,0,NORMAL
228394000,CMA CGM INDUS,Container Ship,2026-09-04 14:10:00,20.556958,75.162165,18.13,67.9,67.5,0,NORMAL
228394000,CMA CGM INDUS,Container Ship,2026-09-04 14:15:00,20.566685,75.187153,18.28,66.6,67.5,0,NORMAL
228394000,CMA CGM INDUS,Container Ship,2026-09-04 14:20:00,20.57637,75.212036,18.21,67.0,67.5,0,NORMAL
228394000,CMA CGM INDUS,Container Ship,2026-09-04 14:25:00,20.586103,75.237043,18.3,68.7,67.5,0,NORMAL
228394000,CMA CGM INDUS,Container Ship,2026-09-04 14:30:00,20.59548,75.261137,17.63,69.6,67.5,0,NORMAL
228394000,CMA CGM INDUS,Container Ship,2026-09-04 14:35:00,20.604942,75.28545,17.79,69.1,67.5,0,NORMAL
228394000,CMA CGM INDUS,Container Ship,2026-09-04 14:40:00,20.614596,75.310259,18.15,71.2,67.5,0,NORMAL
228394000,CMA CGM INDUS,Container Ship,2026-09-04 14:45:00,20.624124,75.334746,17.91,66.8,67.5,0,NORMAL
228394000,CMA CGM INDUS,Container Ship,2026-09-04 14:50:00,20.633696,75.359347,17.99,66.9,67.5,0,NORMAL
228394000,CMA CGM INDUS,Container Ship,2026-09-04 14:55:00,20.643442,75.384397,18.32,64.2,67.5,0,NORMAL
228394000,CMA CGM INDUS,Container Ship,2026-09-04 15:00:00,20.652794,75.408435,17.58,65.3,67.5,0,NORMAL
228394000,CMA CGM INDUS,Container Ship,2026-09-04 15:05:00,20.662572,75.43357,18.38,70.9,67.5,0,NORMAL
228394000,CMA CGM INDUS,Container Ship,2026-09-04 15:10:00,20.672125,75.45813,17.96,67.1,67.5,0,NORMAL
228394000,CMA CGM INDUS,Container Ship,2026-09-04 15:15:00,20.681716,75.482788,18.03,69.8,67.5,0,NORMAL
228394000,CMA CGM INDUS,Container Ship,2026-09-04 15:20:00,20.691095,75.506901,17.63,68.0,67.5,0,NORMAL
228394000,CMA CGM INDUS,Container Ship,2026-09-04 15:25:00,20.700878,75.532056,18.39,68.5,67.5,0,NORMAL
228394000,CMA CGM INDUS,Container Ship,2026-09-04 15:30:00,20.710494,75.556784,18.08,69.5,67.5,0,NORMAL
228394000,CMA CGM INDUS,Container Ship,2026-09-04 15:35:00,20.719495,75.579929,16.92,68.8,67.5,0,NORMAL
228394000,CMA CGM INDUS,Container Ship,2026-09-04 15:40:00,20.728932,75.604198,17.74,63.8,67.5,0,NORMAL
228394000,CMA CGM INDUS,Container Ship,2026-09-04 15:45:00,20.738616,75.629106,18.2,70.2,67.5,0,NORMAL
228394000,CMA CGM INDUS,Container Ship,2026-09-04 15:50:00,20.748163,75.65366,17.95,69.4,67.5,0,NORMAL
228394000,CMA CGM INDUS,Container Ship,2026-09-04 15:55:00,20.758082,75.679174,18.64,70.1,67.5,0,NORMAL
228394000,CMA CGM INDUS,Container Ship,2026-09-04 16:00:00,20.768007,75.704705,18.66,69.0,67.5,0,NORMAL
228394000,CMA CGM INDUS,Container Ship,2026-09-04 16:05:00,20.777599,75.729381,18.03,64.3,67.5,0,NORMAL
228394000,CMA CGM INDUS,Container Ship,2026-09-04 16:10:00,20.787122,75.753882,17.9,65.8,67.5,0,NORMAL
228394000,CMA CGM INDUS,Container Ship,2026-09-04 16:15:00,20.79716,75.779708,18.87,67.1,67.5,0,NORMAL
228394000,CMA CGM INDUS,Container Ship,2026-09-04 16:20:00,20.806762,75.804415,18.05,68.6,67.5,0,NORMAL
228394000,CMA CGM INDUS,Container Ship,2026-09-04 16:25:00,20.816347,75.829079,18.02,70.9,67.5,0,NORMAL
228394000,CMA CGM INDUS,Container Ship,2026-09-04 16:30:00,20.825791,75.853381,17.75,67.9,67.5,0,NORMAL
228394000,CMA CGM INDUS,Container Ship,2026-09-04 16:35:00,20.835209,75.877618,17.7,64.8,67.5,0,NORMAL
419077123,INS SARVASHAKTI,Patrol Vessel,2026-09-04 00:00:00,18.999549,70.659179,21.91,40.8,44.9,0,NORMAL
419077123,INS SARVASHAKTI,Patrol Vessel,2026-09-04 00:05:00,19.021368,70.682121,22.18,42.4,44.9,0,NORMAL
419077123,INS SARVASHAKTI,Patrol Vessel,2026-09-04 00:10:00,19.042657,70.704508,21.64,43.6,44.9,0,NORMAL
419077123,INS SARVASHAKTI,Patrol Vessel,2026-09-04 00:15:00,19.064218,70.727184,21.92,44.9,44.9,0,NORMAL
419077123,INS SARVASHAKTI,Patrol Vessel,2026-09-04 00:20:00,19.086285,70.750396,22.43,43.7,44.9,0,NORMAL
419077123,INS SARVASHAKTI,Patrol Vessel,2026-09-04 00:25:00,19.108115,70.773361,22.19,50.4,44.9,0,NORMAL
419077123,INS SARVASHAKTI,Patrol Vessel,2026-09-04 00:30:00,19.129905,70.796287,22.15,44.5,44.9,0,NORMAL
419077123,INS SARVASHAKTI,Patrol Vessel,2026-09-04 00:35:00,19.151239,70.818737,21.69,44.5,44.9,0,NORMAL
419077123,INS SARVASHAKTI,Patrol Vessel,2026-09-04 00:40:00,19.172532,70.841145,21.65,45.4,44.9,0,NORMAL
419077123,INS SARVASHAKTI,Patrol Vessel,2026-09-04 00:45:00,19.194213,70.863966,22.04,40.6,44.9,0,NORMAL
419077123,INS SARVASHAKTI,Patrol Vessel,2026-09-04 00:50:00,19.215847,70.88674,21.99,47.1,44.9,0,NORMAL
419077123,INS SARVASHAKTI,Patrol Vessel,2026-09-04 00:55:00,19.237331,70.909359,21.84,43.6,44.9,0,NORMAL
419077123,INS SARVASHAKTI,Patrol Vessel,2026-09-04 01:00:00,19.25843,70.931576,21.45,41.2,44.9,0,NORMAL
419077123,INS SARVASHAKTI,Patrol Vessel,2026-09-04 01:05:00,19.280398,70.95471,22.33,44.5,44.9,0,NORMAL
419077123,INS SARVASHAKTI,Patrol Vessel,2026-09-04 01:10:00,19.302343,70.977824,22.31,48.0,44.9,0,NORMAL
419077123,INS SARVASHAKTI,Patrol Vessel,2026-09-04 01:15:00,19.324347,71.001002,22.37,43.8,44.9,0,NORMAL
419077123,INS SARVASHAKTI,Patrol Vessel,2026-09-04 01:20:00,19.346045,71.023861,22.06,43.7,44.9,0,NORMAL
419077123,INS SARVASHAKTI,Patrol Vessel,2026-09-04 01:25:00,19.367407,71.04637,21.72,45.6,44.9,0,NORMAL
419077123,INS SARVASHAKTI,Patrol Vessel,2026-09-04 01:30:00,19.388721,71.06883,21.67,40.5,44.9,0,NORMAL
419077123,INS SARVASHAKTI,Patrol Vessel,2026-09-04 01:35:00,19.410012,71.09127,21.64,44.3,44.9,0,NORMAL
419077123,INS SARVASHAKTI,Patrol Vessel,2026-09-04 01:40:00,19.432252,71.114713,22.61,43.9,44.9,0,NORMAL
419077123,INS SARVASHAKTI,Patrol Vessel,2026-09-04 01:45:00,19.454094,71.13774,22.2,44.6,44.9,0,NORMAL
419077123,INS SARVASHAKTI,Patrol Vessel,2026-09-04 01:50:00,19.476218,71.161066,22.49,47.2,44.9,0,NORMAL
419077123,INS SARVASHAKTI,Patrol Vessel,2026-09-04 01:55:00,19.498322,71.184375,22.47,41.4,44.9,0,NORMAL
419077123,INS SARVASHAKTI,Patrol Vessel,2026-09-04 02:00:00,19.520044,71.207285,22.08,46.4,44.9,0,NORMAL
419077123,INS SARVASHAKTI,Patrol Vessel,2026-09-04 02:05:00,19.541835,71.23027,22.15,46.2,44.9,0,NORMAL
419077123,INS SARVASHAKTI,Patrol Vessel,2026-09-04 02:10:00,19.563499,71.253124,22.02,43.4,44.9,0,NORMAL
419077123,INS SARVASHAKTI,Patrol Vessel,2026-09-04 02:15:00,19.584473,71.275253,21.32,43.6,44.9,0,NORMAL
419077123,INS SARVASHAKTI,Patrol Vessel,2026-09-04 02:20:00,19.607167,71.299201,23.07,43.9,44.9,0,NORMAL
419077123,INS SARVASHAKTI,Patrol Vessel,2026-09-04 02:25:00,19.628037,71.321227,21.22,46.4,44.9,0,NORMAL
419077123,INS SARVASHAKTI,Patrol Vessel,2026-09-04 02:30:00,19.650015,71.344424,22.34,47.5,44.9,0,NORMAL
419077123,INS SARVASHAKTI,Patrol Vessel,2026-09-04 02:35:00,19.671841,71.367465,22.19,46.6,44.9,0,NORMAL
419077123,INS SARVASHAKTI,Patrol Vessel,2026-09-04 02:40:00,19.694207,71.391078,22.74,43.4,44.9,0,NORMAL
419077123,INS SARVASHAKTI,Patrol Vessel,2026-09-04 02:45:00,19.715476,71.413538,21.62,42.7,44.9,0,NORMAL
419077123,INS SARVASHAKTI,Patrol Vessel,2026-09-04 02:50:00,19.737013,71.436282,21.89,47.8,44.9,0,NORMAL
419077123,INS SARVASHAKTI,Patrol Vessel,2026-09-04 02:55:00,19.758862,71.459359,22.21,45.9,44.9,0,NORMAL
419077123,INS SARVASHAKTI,Patrol Vessel,2026-09-04 03:00:00,19.779787,71.481464,21.27,43.5,44.9,0,NORMAL
419077123,INS SARVASHAKTI,Patrol Vessel,2026-09-04 03:05:00,19.800705,71.503565,21.27,47.2,44.9,0,NORMAL
419077123,INS SARVASHAKTI,Patrol Vessel,2026-09-04 03:10:00,19.82297,71.527091,22.63,46.5,44.9,0,NORMAL
419077123,INS SARVASHAKTI,Patrol Vessel,2026-09-04 03:15:00,19.844223,71.549551,21.61,47.9,44.9,0,NORMAL
419077123,INS SARVASHAKTI,Patrol Vessel,2026-09-04 03:20:00,19.865765,71.572319,21.9,42.5,44.9,0,NORMAL
419077123,INS SARVASHAKTI,Patrol Vessel,2026-09-04 03:25:00,19.887026,71.594794,21.61,44.0,44.9,0,NORMAL
419077123,INS SARVASHAKTI,Patrol Vessel,2026-09-04 03:30:00,19.908687,71.617694,22.02,44.6,44.9,0,NORMAL
419077123,INS SARVASHAKTI,Patrol Vessel,2026-09-04 03:35:00,19.929772,71.639989,21.43,47.3,44.9,0,NORMAL
419077123,INS SARVASHAKTI,Patrol Vessel,2026-09-04 03:40:00,19.951354,71.662812,21.94,43.5,44.9,0,NORMAL
419077123,INS SARVASHAKTI,Patrol Vessel,2026-09-04 03:45:00,19.973432,71.686163,22.44,42.5,44.9,0,NORMAL
419077123,INS SARVASHAKTI,Patrol Vessel,2026-09-04 03:50:00,19.994432,71.708377,21.35,47.4,44.9,0,NORMAL
419077123,INS SARVASHAKTI,Patrol Vessel,2026-09-04 03:55:00,20.016817,71.732059,22.76,44.0,44.9,0,NORMAL
419077123,INS SARVASHAKTI,Patrol Vessel,2026-09-04 04:00:00,20.03844,71.754938,21.98,42.6,44.9,0,NORMAL
419077123,INS SARVASHAKTI,Patrol Vessel,2026-09-04 04:05:00,20.060083,71.777842,22.0,43.9,44.9,0,NORMAL
419077123,INS SARVASHAKTI,Patrol Vessel,2026-09-04 04:10:00,20.081684,71.800704,21.96,45.7,44.9,0,NORMAL
419077123,INS SARVASHAKTI,Patrol Vessel,2026-09-04 04:15:00,20.102893,71.823154,21.56,44.2,44.9,0,NORMAL
419077123,INS SARVASHAKTI,Patrol Vessel,2026-09-04 04:20:00,20.123824,71.845313,21.28,44.2,44.9,0,NORMAL
419077123,INS SARVASHAKTI,Patrol Vessel,2026-09-04 04:25:00,20.145429,71.868188,21.96,45.4,44.9,0,NORMAL
419077123,INS SARVASHAKTI,Patrol Vessel,2026-09-04 04:30:00,20.167164,71.891205,22.1,46.7,44.9,0,NORMAL
419077123,INS SARVASHAKTI,Patrol Vessel,2026-09-04 04:35:00,20.188199,71.913484,21.38,41.9,44.9,0,NORMAL
419077123,INS SARVASHAKTI,Patrol Vessel,2026-09-04 04:40:00,20.210048,71.936628,22.21,40.8,44.9,0,NORMAL
419077123,INS SARVASHAKTI,Patrol Vessel,2026-09-04 04:45:00,20.231761,71.959631,22.07,42.5,44.9,0,NORMAL
419077123,INS SARVASHAKTI,Patrol Vessel,2026-09-04 04:50:00,20.254021,71.983216,22.63,45.4,44.9,0,NORMAL
419077123,INS SARVASHAKTI,Patrol Vessel,2026-09-04 04:55:00,20.275576,72.006058,21.91,47.4,44.9,0,NORMAL
419077123,INS SARVASHAKTI,Patrol Vessel,2026-09-04 05:00:00,20.296799,72.028551,21.57,43.2,44.9,0,NORMAL
419077123,INS SARVASHAKTI,Patrol Vessel,2026-09-04 05:05:00,20.317943,72.050964,21.5,43.2,44.9,0,NORMAL
419077123,INS SARVASHAKTI,Patrol Vessel,2026-09-04 05:10:00,20.339609,72.073932,22.02,45.9,44.9,0,NORMAL
419077123,INS SARVASHAKTI,Patrol Vessel,2026-09-04 05:15:00,20.361628,72.097279,22.38,41.3,44.9,0,NORMAL
419077123,INS SARVASHAKTI,Patrol Vessel,2026-09-04 05:20:00,20.383201,72.120156,21.93,42.7,44.9,0,NORMAL
419077123,INS SARVASHAKTI,Patrol Vessel,2026-09-04 05:25:00,20.404762,72.143023,21.92,49.6,44.9,0,NORMAL
419077123,INS SARVASHAKTI,Patrol Vessel,2026-09-04 05:30:00,20.426517,72.1661,22.12,46.7,44.9,0,NORMAL
419077123,INS SARVASHAKTI,Patrol Vessel,2026-09-04 05:35:00,20.44893,72.189878,22.78,47.2,44.9,0,NORMAL
419077123,INS SARVASHAKTI,Patrol Vessel,2026-09-04 05:40:00,20.470395,72.212653,21.82,42.3,44.9,0,NORMAL
419077123,INS SARVASHAKTI,Patrol Vessel,2026-09-04 05:45:00,20.492024,72.235605,21.99,43.8,44.9,0,NORMAL
419077123,INS SARVASHAKTI,Patrol Vessel,2026-09-04 05:50:00,20.513065,72.257937,21.39,45.4,44.9,0,NORMAL
419077123,INS SARVASHAKTI,Patrol Vessel,2026-09-04 05:55:00,20.534811,72.28102,22.11,48.4,44.9,0,NORMAL
419077123,INS SARVASHAKTI,Patrol Vessel,2026-09-04 06:00:00,20.55631,72.303844,21.86,45.5,44.9,0,NORMAL
419077123,INS SARVASHAKTI,Patrol Vessel,2026-09-04 06:05:00,20.577689,72.326544,21.73,46.6,44.9,0,NORMAL
419077123,INS SARVASHAKTI,Patrol Vessel,2026-09-04 06:10:00,20.599281,72.349473,21.95,42.6,44.9,0,NORMAL
419077123,INS SARVASHAKTI,Patrol Vessel,2026-09-04 06:15:00,20.620916,72.372452,21.99,45.7,44.9,0,NORMAL
419077123,INS SARVASHAKTI,Patrol Vessel,2026-09-04 06:20:00,20.642658,72.395547,22.1,47.0,44.9,0,NORMAL
419077123,INS SARVASHAKTI,Patrol Vessel,2026-09-04 06:25:00,20.663729,72.417933,21.42,43.2,44.9,0,NORMAL
419077123,INS SARVASHAKTI,Patrol Vessel,2026-09-04 06:30:00,20.685622,72.441195,22.26,43.5,44.9,0,NORMAL
419077123,INS SARVASHAKTI,Patrol Vessel,2026-09-04 06:35:00,20.707358,72.464293,22.1,40.1,44.9,0,NORMAL
419077123,INS SARVASHAKTI,Patrol Vessel,2026-09-04 06:40:00,20.730067,72.48843,23.09,44.4,44.9,0,NORMAL
419077123,INS SARVASHAKTI,Patrol Vessel,2026-09-04 06:45:00,20.752178,72.511934,22.48,44.2,44.9,0,NORMAL
419077123,INS SARVASHAKTI,Patrol Vessel,2026-09-04 06:50:00,20.773982,72.535115,22.17,47.9,44.9,0,NORMAL
419077123,INS SARVASHAKTI,Patrol Vessel,2026-09-04 06:55:00,20.796082,72.558614,22.47,44.5,44.9,0,NORMAL
419077123,INS SARVASHAKTI,Patrol Vessel,2026-09-04 07:00:00,20.81767,72.581572,21.95,46.9,44.9,0,NORMAL
419077123,INS SARVASHAKTI,Patrol Vessel,2026-09-04 07:05:00,20.840229,72.605567,22.93,45.3,44.9,0,NORMAL
419077123,INS SARVASHAKTI,Patrol Vessel,2026-09-04 07:10:00,20.86264,72.629407,22.78,44.4,44.9,0,NORMAL
419077123,INS SARVASHAKTI,Patrol Vessel,2026-09-04 07:15:00,20.884656,72.652831,22.38,47.1,44.9,0,NORMAL
419077123,INS SARVASHAKTI,Patrol Vessel,2026-09-04 07:20:00,20.906136,72.675687,21.84,43.4,44.9,0,NORMAL
419077123,INS SARVASHAKTI,Patrol Vessel,2026-09-04 07:25:00,20.928227,72.699198,22.46,43.8,44.9,0,NORMAL
419077123,INS SARVASHAKTI,Patrol Vessel,2026-09-04 07:30:00,20.949516,72.721858,21.64,43.5,44.9,0,NORMAL
419077123,INS SARVASHAKTI,Patrol Vessel,2026-09-04 07:35:00,20.970947,72.744672,21.79,46.6,44.9,0,NORMAL
419077123,INS SARVASHAKTI,Patrol Vessel,2026-09-04 07:40:00,20.99279,72.767929,22.21,46.3,44.9,0,NORMAL
419077123,INS SARVASHAKTI,Patrol Vessel,2026-09-04 07:45:00,21.014597,72.791151,22.17,43.7,44.9,0,NORMAL
419077123,INS SARVASHAKTI,Patrol Vessel,2026-09-04 07:50:00,21.036513,72.814491,22.28,47.3,44.9,0,NORMAL
419077123,INS SARVASHAKTI,Patrol Vessel,2026-09-04 07:55:00,21.058384,72.837788,22.23,45.8,44.9,0,NORMAL
419077123,INS SARVASHAKTI,Patrol Vessel,2026-09-04 08:00:00,21.079723,72.860521,21.69,45.3,44.9,0,NORMAL
419077123,INS SARVASHAKTI,Patrol Vessel,2026-09-04 08:05:00,21.101041,72.883235,21.67,44.9,44.9,0,NORMAL
419077123,INS SARVASHAKTI,Patrol Vessel,2026-09-04 08:10:00,21.122037,72.905609,21.34,41.6,44.9,0,NORMAL
419077123,INS SARVASHAKTI,Patrol Vessel,2026-09-04 08:15:00,21.143603,72.928594,21.92,43.8,44.9,0,NORMAL
419077123,INS SARVASHAKTI,Patrol Vessel,2026-09-04 08:20:00,21.165286,72.951707,22.04,44.6,44.9,0,NORMAL
419077123,INS SARVASHAKTI,Patrol Vessel,2026-09-04 08:25:00,21.186939,72.974791,22.01,46.1,44.9,0,NORMAL
419077123,INS SARVASHAKTI,Patrol Vessel,2026-09-04 08:30:00,21.208397,72.997671,21.81,44.5,44.9,0,NORMAL
419077123,INS SARVASHAKTI,Patrol Vessel,2026-09-04 08:35:00,21.230611,73.02136,22.58,44.9,44.9,0,NORMAL
419077123,INS SARVASHAKTI,Patrol Vessel,2026-09-04 08:40:00,21.252182,73.044367,21.93,45.1,44.9,0,NORMAL
419077123,INS SARVASHAKTI,Patrol Vessel,2026-09-04 08:45:00,21.273759,73.067384,21.94,43.5,44.9,0,NORMAL
419077123,INS SARVASHAKTI,Patrol Vessel,2026-09-04 08:50:00,21.295007,73.090054,21.6,43.4,44.9,0,NORMAL
419077123,INS SARVASHAKTI,Patrol Vessel,2026-09-04 08:55:00,21.316992,73.113512,22.35,43.6,44.9,0,NORMAL
419077123,INS SARVASHAKTI,Patrol Vessel,2026-09-04 09:00:00,21.338572,73.136543,21.94,46.3,44.9,0,NORMAL
419077123,INS SARVASHAKTI,Patrol Vessel,2026-09-04 09:05:00,21.360104,73.159524,21.89,46.2,44.9,0,NORMAL
419077123,INS SARVASHAKTI,Patrol Vessel,2026-09-04 09:10:00,21.381138,73.181979,21.38,44.6,44.9,0,NORMAL
419077123,INS SARVASHAKTI,Patrol Vessel,2026-09-04 09:15:00,21.40281,73.205118,22.03,44.9,44.9,0,NORMAL
419077123,INS SARVASHAKTI,Patrol Vessel,2026-09-04 09:20:00,21.423801,73.227532,21.34,47.3,44.9,0,NORMAL
419077123,INS SARVASHAKTI,Patrol Vessel,2026-09-04 09:25:00,21.445106,73.250285,21.66,45.6,44.9,0,NORMAL
419077123,INS SARVASHAKTI,Patrol Vessel,2026-09-04 09:30:00,21.46675,73.273404,22.0,46.9,44.9,0,NORMAL
419077123,INS SARVASHAKTI,Patrol Vessel,2026-09-04 09:35:00,21.489252,73.297443,22.87,42.3,44.9,0,NORMAL
419077123,INS SARVASHAKTI,Patrol Vessel,2026-09-04 09:40:00,21.510637,73.320293,21.74,45.3,44.9,0,NORMAL
419077123,INS SARVASHAKTI,Patrol Vessel,2026-09-04 09:45:00,21.531844,73.342954,21.56,46.5,44.9,0,NORMAL
419077123,INS SARVASHAKTI,Patrol Vessel,2026-09-04 09:50:00,21.553816,73.366438,22.34,46.0,44.9,0,NORMAL
419077123,INS SARVASHAKTI,Patrol Vessel,2026-09-04 09:55:00,21.575551,73.38967,22.09,47.6,44.9,0,NORMAL
419077123,INS SARVASHAKTI,Patrol Vessel,2026-09-04 10:00:00,21.596737,73.41232,21.54,45.0,44.9,0,NORMAL
419077123,INS SARVASHAKTI,Patrol Vessel,2026-09-04 10:05:00,21.618087,73.435149,21.7,46.7,44.9,0,NORMAL
419077123,INS SARVASHAKTI,Patrol Vessel,2026-09-04 10:10:00,21.639007,73.457521,21.27,44.8,44.9,0,NORMAL
419077123,INS SARVASHAKTI,Patrol Vessel,2026-09-04 10:15:00,21.66078,73.480809,22.13,43.0,44.9,0,NORMAL
419077123,INS SARVASHAKTI,Patrol Vessel,2026-09-04 10:20:00,21.682175,73.503695,21.75,44.9,44.9,0,NORMAL
419077123,INS SARVASHAKTI,Patrol Vessel,2026-09-04 10:25:00,21.704191,73.527251,22.38,42.8,44.9,0,NORMAL
419077123,INS SARVASHAKTI,Patrol Vessel,2026-09-04 10:30:00,21.725495,73.550046,21.66,47.2,44.9,0,NORMAL
419077123,INS SARVASHAKTI,Patrol Vessel,2026-09-04 10:35:00,21.747028,73.573092,21.89,43.3,44.9,0,NORMAL
419077123,INS SARVASHAKTI,Patrol Vessel,2026-09-04 10:40:00,21.768956,73.596562,22.29,43.9,44.9,0,NORMAL
419077123,INS SARVASHAKTI,Patrol Vessel,2026-09-04 10:45:00,21.791001,73.620163,22.41,43.6,44.9,0,NORMAL
419077123,INS SARVASHAKTI,Patrol Vessel,2026-09-04 10:50:00,21.81258,73.643266,21.94,46.8,44.9,0,NORMAL
419077123,INS SARVASHAKTI,Patrol Vessel,2026-09-04 10:55:00,21.834132,73.666346,21.91,46.4,44.9,0,NORMAL
419077123,INS SARVASHAKTI,Patrol Vessel,2026-09-04 11:00:00,21.855747,73.689496,21.97,48.9,44.9,0,NORMAL
419077123,INS SARVASHAKTI,Patrol Vessel,2026-09-04 11:05:00,21.878005,73.713339,22.63,42.2,44.9,0,NORMAL
419077123,INS SARVASHAKTI,Patrol Vessel,2026-09-04 11:10:00,21.899852,73.736744,22.21,43.3,44.9,0,NORMAL
419077123,INS SARVASHAKTI,Patrol Vessel,2026-09-04 11:15:00,21.921568,73.760014,22.08,45.0,44.9,0,NORMAL
419077123,INS SARVASHAKTI,Patrol Vessel,2026-09-04 11:20:00,21.942794,73.782761,21.58,47.0,44.9,0,NORMAL
419077123,INS SARVASHAKTI,Patrol Vessel,2026-09-04 11:25:00,21.964515,73.806042,22.08,44.3,44.9,0,NORMAL
419077123,INS SARVASHAKTI,Patrol Vessel,2026-09-04 11:30:00,21.985984,73.829057,21.82,45.2,44.9,0,NORMAL
419077123,INS SARVASHAKTI,Patrol Vessel,2026-09-04 11:35:00,22.007785,73.852432,22.16,44.7,44.9,0,NORMAL
419077123,INS SARVASHAKTI,Patrol Vessel,2026-09-04 11:40:00,22.028312,73.874443,20.87,44.9,44.9,0,NORMAL
419077123,INS SARVASHAKTI,Patrol Vessel,2026-09-04 11:45:00,22.049386,73.897044,21.42,44.5,44.9,0,NORMAL
419077123,INS SARVASHAKTI,Patrol Vessel,2026-09-04 11:50:00,22.070474,73.919664,21.44,42.1,44.9,0,NORMAL
419077123,INS SARVASHAKTI,Patrol Vessel,2026-09-04 11:55:00,22.092601,73.943402,22.49,44.3,44.9,0,NORMAL
419077123,INS SARVASHAKTI,Patrol Vessel,2026-09-04 12:00:00,22.114086,73.966455,21.84,45.9,44.9,0,NORMAL
419077123,INS SARVASHAKTI,Patrol Vessel,2026-09-04 12:05:00,22.135581,73.989522,21.85,49.1,44.9,0,NORMAL
419077123,INS SARVASHAKTI,Patrol Vessel,2026-09-04 12:10:00,22.157115,74.012634,21.89,45.6,44.9,0,NORMAL
419077123,INS SARVASHAKTI,Patrol Vessel,2026-09-04 12:15:00,22.179138,74.036275,22.39,48.1,44.9,0,NORMAL
419077123,INS SARVASHAKTI,Patrol Vessel,2026-09-04 12:20:00,22.200487,74.059196,21.7,44.1,44.9,0,NORMAL
419077123,INS SARVASHAKTI,Patrol Vessel,2026-09-04 12:25:00,22.22263,74.082973,22.51,46.5,44.9,0,NORMAL
419077123,INS SARVASHAKTI,Patrol Vessel,2026-09-04 12:30:00,22.244694,74.106669,22.43,42.2,44.9,0,NORMAL
419077123,INS SARVASHAKTI,Patrol Vessel,2026-09-04 12:35:00,22.266944,74.130569,22.62,43.4,44.9,0,NORMAL
419077123,INS SARVASHAKTI,Patrol Vessel,2026-09-04 12:40:00,22.28866,74.1539,22.08,44.6,44.9,0,NORMAL
419077123,INS SARVASHAKTI,Patrol Vessel,2026-09-04 12:45:00,22.309956,74.176781,21.65,42.1,44.9,0,NORMAL
419077123,INS SARVASHAKTI,Patrol Vessel,2026-09-04 12:50:00,22.330911,74.1993,21.3,45.1,44.9,0,NORMAL
419077123,INS SARVASHAKTI,Patrol Vessel,2026-09-04 12:55:00,22.351952,74.221914,21.39,42.6,44.9,0,NORMAL
419077123,INS SARVASHAKTI,Patrol Vessel,2026-09-04 13:00:00,22.373507,74.245085,21.91,39.6,44.9,0,NORMAL
419077123,INS SARVASHAKTI,Patrol Vessel,2026-09-04 13:05:00,22.395454,74.268682,22.31,40.1,44.9,0,NORMAL
419077123,INS SARVASHAKTI,Patrol Vessel,2026-09-04 13:10:00,22.417065,74.29192,21.97,44.9,44.9,0,NORMAL
419077123,INS SARVASHAKTI,Patrol Vessel,2026-09-04 13:15:00,22.438918,74.315422,22.22,44.8,44.9,0,NORMAL
419077123,INS SARVASHAKTI,Patrol Vessel,2026-09-04 13:20:00,22.461353,74.339554,22.81,45.3,44.9,0,NORMAL
419077123,INS SARVASHAKTI,Patrol Vessel,2026-09-04 13:25:00,22.483408,74.363281,22.42,43.5,44.9,0,NORMAL
419077123,INS SARVASHAKTI,Patrol Vessel,2026-09-04 13:30:00,22.505097,74.386618,22.05,48.0,44.9,0,NORMAL
419077123,INS SARVASHAKTI,Patrol Vessel,2026-09-04 13:35:00,22.526644,74.409806,21.9,45.3,44.9,0,NORMAL
419077123,INS SARVASHAKTI,Patrol Vessel,2026-09-04 13:40:00,22.548671,74.433514,22.39,43.4,44.9,0,NORMAL
419077123,INS SARVASHAKTI,Patrol Vessel,2026-09-04 13:45:00,22.569462,74.455895,21.14,45.4,44.9,0,NORMAL
419077123,INS SARVASHAKTI,Patrol Vessel,2026-09-04 13:50:00,22.591492,74.479614,22.4,42.2,44.9,0,NORMAL
419077123,INS SARVASHAKTI,Patrol Vessel,2026-09-04 13:55:00,22.613397,74.503201,22.27,46.3,44.9,0,NORMAL
419077123,INS SARVASHAKTI,Patrol Vessel,2026-09-04 14:00:00,22.634143,74.525545,21.09,43.0,44.9,0,NORMAL
419077123,INS SARVASHAKTI,Patrol Vessel,2026-09-04 14:05:00,22.655629,74.548688,21.84,44.5,44.9,0,NORMAL
419077123,INS SARVASHAKTI,Patrol Vessel,2026-09-04 14:10:00,22.676977,74.571687,21.7,43.3,44.9,0,NORMAL
419077123,INS SARVASHAKTI,Patrol Vessel,2026-09-04 14:15:00,22.699276,74.595714,22.67,44.7,44.9,0,NORMAL
419077123,INS SARVASHAKTI,Patrol Vessel,2026-09-04 14:20:00,22.720644,74.618741,21.72,44.8,44.9,0,NORMAL
419077123,INS SARVASHAKTI,Patrol Vessel,2026-09-04 14:25:00,22.742496,74.642295,22.21,45.0,44.9,0,NORMAL
419077123,INS SARVASHAKTI,Patrol Vessel,2026-09-04 14:30:00,22.764056,74.665537,21.92,43.6,44.9,0,NORMAL
419077123,INS SARVASHAKTI,Patrol Vessel,2026-09-04 14:35:00,22.785437,74.688589,21.74,43.7,44.9,0,NORMAL
419077123,INS SARVASHAKTI,Patrol Vessel,2026-09-04 14:40:00,22.807211,74.712069,22.14,42.9,44.9,0,NORMAL
419077123,INS SARVASHAKTI,Patrol Vessel,2026-09-04 14:45:00,22.829007,74.735577,22.16,47.7,44.9,0,NORMAL
419077123,INS SARVASHAKTI,Patrol Vessel,2026-09-04 14:50:00,22.850776,74.759059,22.13,44.2,44.9,0,NORMAL
419077123,INS SARVASHAKTI,Patrol Vessel,2026-09-04 14:55:00,22.871906,74.781856,21.48,48.1,44.9,0,NORMAL
419077123,INS SARVASHAKTI,Patrol Vessel,2026-09-04 15:00:00,22.893087,74.80471,21.53,46.6,44.9,0,NORMAL
419077123,INS SARVASHAKTI,Patrol Vessel,2026-09-04 15:05:00,22.914979,74.828337,22.26,44.4,44.9,0,NORMAL
419077123,INS SARVASHAKTI,Patrol Vessel,2026-09-04 15:10:00,22.936517,74.851584,21.89,41.2,44.9,0,NORMAL
419077123,INS SARVASHAKTI,Patrol Vessel,2026-09-04 15:15:00,22.958288,74.875087,22.13,46.1,44.9,0,NORMAL
419077123,INS SARVASHAKTI,Patrol Vessel,2026-09-04 15:20:00,22.9795,74.89799,21.56,44.6,44.9,0,NORMAL
419077123,INS SARVASHAKTI,Patrol Vessel,2026-09-04 15:25:00,23.001156,74.921376,22.02,46.1,44.9,0,NORMAL
419077123,INS SARVASHAKTI,Patrol Vessel,2026-09-04 15:30:00,23.022799,74.944752,22.0,41.6,44.9,0,NORMAL
419077123,INS SARVASHAKTI,Patrol Vessel,2026-09-04 15:35:00,23.044231,74.967904,21.79,45.4,44.9,0,NORMAL
419077123,INS SARVASHAKTI,Patrol Vessel,2026-09-04 15:40:00,23.066203,74.991643,22.34,43.7,44.9,0,NORMAL
419077123,INS SARVASHAKTI,Patrol Vessel,2026-09-04 15:45:00,23.088705,75.015959,22.88,41.1,44.9,0,NORMAL
419077123,INS SARVASHAKTI,Patrol Vessel,2026-09-04 15:50:00,23.110124,75.039108,21.77,44.7,44.9,0,NORMAL
419077123,INS SARVASHAKTI,Patrol Vessel,2026-09-04 15:55:00,23.131686,75.062415,21.92,42.4,44.9,0,NORMAL
419077123,INS SARVASHAKTI,Patrol Vessel,2026-09-04 16:00:00,23.153504,75.086002,22.18,45.6,44.9,0,NORMAL
419077123,INS SARVASHAKTI,Patrol Vessel,2026-09-04 16:05:00,23.175164,75.109423,22.02,45.6,44.9,0,NORMAL
419077123,INS SARVASHAKTI,Patrol Vessel,2026-09-04 16:10:00,23.196638,75.132647,21.83,41.7,44.9,0,NORMAL
419077123,INS SARVASHAKTI,Patrol Vessel,2026-09-04 16:15:00,23.217997,75.15575,21.71,45.2,44.9,0,NORMAL
419077123,INS SARVASHAKTI,Patrol Vessel,2026-09-04 16:20:00,23.239702,75.179231,22.07,45.0,44.9,0,NORMAL
419077123,INS SARVASHAKTI,Patrol Vessel,2026-09-04 16:25:00,23.261559,75.20288,22.22,43.7,44.9,0,NORMAL
419077123,INS SARVASHAKTI,Patrol Vessel,2026-09-04 16:30:00,23.283211,75.22631,22.01,46.0,44.9,0,NORMAL
419077123,INS SARVASHAKTI,Patrol Vessel,2026-09-04 16:35:00,23.304818,75.249697,21.97,42.4,44.9,0,NORMAL
419099876,MT GANGA PIONEER,LPG Carrier,2026-09-04 00:00:00,19.18342,70.815575,13.62,63.4,62.4,0,NORMAL
419099876,MT GANGA PIONEER,LPG Carrier,2026-09-04 00:05:00,19.192803,70.834549,14.59,63.1,62.4,0,NORMAL
419099876,MT GANGA PIONEER,LPG Carrier,2026-09-04 00:10:00,19.201723,70.852589,13.87,62.4,62.4,0,NORMAL
419099876,MT GANGA PIONEER,LPG Carrier,2026-09-04 00:15:00,19.210403,70.870142,13.5,63.6,62.4,0,NORMAL
419099876,MT GANGA PIONEER,LPG Carrier,2026-09-04 00:20:00,19.219631,70.888805,14.35,61.5,62.4,0,NORMAL
419099876,MT GANGA PIONEER,LPG Carrier,2026-09-04 00:25:00,19.228511,70.906767,13.81,63.0,62.4,0,NORMAL
419099876,MT GANGA PIONEER,LPG Carrier,2026-09-04 00:30:00,19.2374,70.924746,13.83,62.3,62.4,0,NORMAL
419099876,MT GANGA PIONEER,LPG Carrier,2026-09-04 00:35:00,19.246941,70.944046,14.84,61.9,62.4,0,NORMAL
419099876,MT GANGA PIONEER,LPG Carrier,2026-09-04 00:40:00,19.25585,70.962068,13.86,61.1,62.4,0,NORMAL
419099876,MT GANGA PIONEER,LPG Carrier,2026-09-04 00:45:00,19.265042,70.980665,14.3,62.1,62.4,0,NORMAL
419099876,MT GANGA PIONEER,LPG Carrier,2026-09-04 00:50:00,19.273876,70.998538,13.74,65.1,62.4,0,NORMAL
419099876,MT GANGA PIONEER,LPG Carrier,2026-09-04 00:55:00,19.283243,71.017488,14.57,61.2,62.4,0,NORMAL
419099876,MT GANGA PIONEER,LPG Carrier,2026-09-04 01:00:00,19.291764,71.034729,13.25,64.4,62.4,0,NORMAL
419099876,MT GANGA PIONEER,LPG Carrier,2026-09-04 01:05:00,19.300589,71.052587,13.73,64.0,62.4,0,NORMAL
419099876,MT GANGA PIONEER,LPG Carrier,2026-09-04 01:10:00,19.309083,71.069776,13.21,64.2,62.4,0,NORMAL
419099876,MT GANGA PIONEER,LPG Carrier,2026-09-04 01:15:00,19.317773,71.087361,13.52,63.9,62.4,0,NORMAL
419099876,MT GANGA PIONEER,LPG Carrier,2026-09-04 01:20:00,19.326777,71.105585,14.01,60.5,62.4,0,NORMAL
419099876,MT GANGA PIONEER,LPG Carrier,2026-09-04 01:25:00,19.335674,71.123591,13.84,63.8,62.4,0,NORMAL
419099876,MT GANGA PIONEER,LPG Carrier,2026-09-04 01:30:00,19.344702,71.141864,14.04,63.6,62.4,0,NORMAL
419099876,MT GANGA PIONEER,LPG Carrier,2026-09-04 01:35:00,19.354211,71.161113,14.79,59.3,62.4,0,NORMAL
419099876,MT GANGA PIONEER,LPG Carrier,2026-09-04 01:40:00,19.363628,71.180175,14.65,62.6,62.4,0,NORMAL
419099876,MT GANGA PIONEER,LPG Carrier,2026-09-04 01:45:00,19.372398,71.197929,13.64,59.8,62.4,0,NORMAL
419099876,MT GANGA PIONEER,LPG Carrier,2026-09-04 01:50:00,19.381351,71.216053,13.92,64.3,62.4,0,NORMAL
419099876,MT GANGA PIONEER,LPG Carrier,2026-09-04 01:55:00,19.390319,71.23421,13.95,65.4,62.4,0,NORMAL
419099876,MT GANGA PIONEER,LPG Carrier,2026-09-04 02:00:00,19.398947,71.251679,13.42,62.4,62.4,0,NORMAL
419099876,MT GANGA PIONEER,LPG Carrier,2026-09-04 02:05:00,19.407626,71.269252,13.5,63.1,62.4,0,NORMAL
419099876,MT GANGA PIONEER,LPG Carrier,2026-09-04 02:10:00,19.416855,71.287941,14.35,61.6,62.4,0,NORMAL
419099876,MT GANGA PIONEER,LPG Carrier,2026-09-04 02:15:00,19.425186,71.304812,12.96,62.8,62.4,0,NORMAL
419099876,MT GANGA PIONEER,LPG Carrier,2026-09-04 02:20:00,19.4343,71.323268,14.17,63.2,62.4,0,NORMAL
419099876,MT GANGA PIONEER,LPG Carrier,2026-09-04 02:25:00,19.443619,71.342141,14.49,60.3,62.4,0,NORMAL
419099876,MT GANGA PIONEER,LPG Carrier,2026-09-04 02:30:00,19.452795,71.360726,14.27,64.8,62.4,0,NORMAL
419099876,MT GANGA PIONEER,LPG Carrier,2026-09-04 02:35:00,19.461338,71.378031,13.29,63.1,62.4,0,NORMAL
419099876,MT GANGA PIONEER,LPG Carrier,2026-09-04 02:40:00,19.47021,71.396001,13.8,62.3,62.4,0,NORMAL
419099876,MT GANGA PIONEER,LPG Carrier,2026-09-04 02:45:00,19.4793,71.414416,14.14,61.4,62.4,0,NORMAL
419099876,MT GANGA PIONEER,LPG Carrier,2026-09-04 02:50:00,19.488128,71.432298,13.73,62.5,62.4,0,NORMAL
419099876,MT GANGA PIONEER,LPG Carrier,2026-09-04 02:55:00,19.496849,71.449968,13.57,60.2,62.4,0,NORMAL
419099876,MT GANGA PIONEER,LPG Carrier,2026-09-04 03:00:00,19.506025,71.468558,14.27,60.1,62.4,0,NORMAL
419099876,MT GANGA PIONEER,LPG Carrier,2026-09-04 03:05:00,19.515197,71.487143,14.27,63.3,62.4,0,NORMAL
419099876,MT GANGA PIONEER,LPG Carrier,2026-09-04 03:10:00,19.523755,71.504482,13.31,61.1,62.4,0,NORMAL
419099876,MT GANGA PIONEER,LPG Carrier,2026-09-04 03:15:00,19.533063,71.523344,14.48,60.5,62.4,0,NORMAL
419099876,MT GANGA PIONEER,LPG Carrier,2026-09-04 03:20:00,19.541944,71.541343,13.81,63.3,62.4,0,NORMAL
419099876,MT GANGA PIONEER,LPG Carrier,2026-09-04 03:25:00,19.551147,71.559993,14.31,61.9,62.4,0,NORMAL
419099876,MT GANGA PIONEER,LPG Carrier,2026-09-04 03:30:00,19.559994,71.577924,13.76,65.3,62.4,0,NORMAL
419099876,MT GANGA PIONEER,LPG Carrier,2026-09-04 03:35:00,19.569443,71.597074,14.7,64.4,62.4,0,NORMAL
419099876,MT GANGA PIONEER,LPG Carrier,2026-09-04 03:40:00,19.578466,71.615363,14.03,60.8,62.4,0,NORMAL
419099876,MT GANGA PIONEER,LPG Carrier,2026-09-04 03:45:00,19.587253,71.633176,13.67,63.5,62.4,0,NORMAL
419099876,MT GANGA PIONEER,LPG Carrier,2026-09-04 03:50:00,19.596362,71.651641,14.17,65.2,62.4,0,NORMAL
419099876,MT GANGA PIONEER,LPG Carrier,2026-09-04 03:55:00,19.60553,71.670228,14.26,59.4,62.4,0,NORMAL
419099876,MT GANGA PIONEER,LPG Carrier,2026-09-04 04:00:00,19.614802,71.689026,14.42,60.4,62.4,0,NORMAL
419099876,MT GANGA PIONEER,LPG Carrier,2026-09-04 04:05:00,19.623704,71.707075,13.85,62.9,62.4,0,NORMAL
419099876,MT GANGA PIONEER,LPG Carrier,2026-09-04 04:10:00,19.633218,71.726367,14.8,68.6,62.4,0,NORMAL
419099876,MT GANGA PIONEER,LPG Carrier,2026-09-04 04:15:00,19.642376,71.744935,14.24,62.1,62.4,0,NORMAL
419099876,MT GANGA PIONEER,LPG Carrier,2026-09-04 04:20:00,19.651514,71.763467,14.21,64.2,62.4,0,NORMAL
419099876,MT GANGA PIONEER,LPG Carrier,2026-09-04 04:25:00,19.660433,71.781554,13.87,66.0,62.4,0,NORMAL
419099876,MT GANGA PIONEER,LPG Carrier,2026-09-04 04:30:00,19.669493,71.799929,14.09,63.4,62.4,0,NORMAL
419099876,MT GANGA PIONEER,LPG Carrier,2026-09-04 04:35:00,19.678665,71.818533,14.27,63.3,62.4,0,NORMAL
419099876,MT GANGA PIONEER,LPG Carrier,2026-09-04 04:40:00,19.687882,71.837228,14.34,61.2,62.4,0,NORMAL
419099876,MT GANGA PIONEER,LPG Carrier,2026-09-04 04:45:00,19.69674,71.855195,13.78,60.2,62.4,0,NORMAL
419099876,MT GANGA PIONEER,LPG Carrier,2026-09-04 04:50:00,19.705854,71.873683,14.18,64.0,62.4,0,NORMAL
419099876,MT GANGA PIONEER,LPG Carrier,2026-09-04 04:55:00,19.714973,71.892182,14.18,65.8,62.4,0,NORMAL
419099876,MT GANGA PIONEER,LPG Carrier,2026-09-04 05:00:00,19.723972,71.910441,14.0,63.8,62.4,0,NORMAL
419099876,MT GANGA PIONEER,LPG Carrier,2026-09-04 05:05:00,19.732692,71.928133,13.56,61.6,62.4,0,NORMAL
419099876,MT GANGA PIONEER,LPG Carrier,2026-09-04 05:10:00,19.741872,71.94676,14.28,64.1,62.4,0,NORMAL
419099876,MT GANGA PIONEER,LPG Carrier,2026-09-04 05:15:00,19.750798,71.964871,13.88,62.3,62.4,0,NORMAL
419099876,MT GANGA PIONEER,LPG Carrier,2026-09-04 05:20:00,19.759409,71.982344,13.39,61.7,62.4,0,NORMAL
419099876,MT GANGA PIONEER,LPG Carrier,2026-09-04 05:25:00,19.768639,72.001075,14.36,63.6,62.4,0,NORMAL
419099876,MT GANGA PIONEER,LPG Carrier,2026-09-04 05:30:00,19.777769,72.019604,14.2,62.5,62.4,0,NORMAL
419099876,MT GANGA PIONEER,LPG Carrier,2026-09-04 05:35:00,19.786771,72.037876,14.0,61.1,62.4,0,NORMAL
419099876,MT GANGA PIONEER,LPG Carrier,2026-09-04 05:40:00,19.795952,72.05651,14.28,63.3,62.4,0,NORMAL
419099876,MT GANGA PIONEER,LPG Carrier,2026-09-04 05:45:00,19.80508,72.075038,14.2,61.4,62.4,0,NORMAL
419099876,MT GANGA PIONEER,LPG Carrier,2026-09-04 05:50:00,19.813527,72.092185,13.14,64.6,62.4,0,NORMAL
419099876,MT GANGA PIONEER,LPG Carrier,2026-09-04 05:55:00,19.822405,72.110208,13.81,60.7,62.4,0,NORMAL
419099876,MT GANGA PIONEER,LPG Carrier,2026-09-04 06:00:00,19.831584,72.128844,14.28,61.6,62.4,0,NORMAL
419099876,MT GANGA PIONEER,LPG Carrier,2026-09-04 06:05:00,19.840858,72.147672,14.42,63.7,62.4,0,NORMAL
419099876,MT GANGA PIONEER,LPG Carrier,2026-09-04 06:10:00,19.850035,72.166305,14.27,59.7,62.4,0,NORMAL
419099876,MT GANGA PIONEER,LPG Carrier,2026-09-04 06:15:00,19.859348,72.185214,14.48,62.9,62.4,0,NORMAL
419099876,MT GANGA PIONEER,LPG Carrier,2026-09-04 06:20:00,19.868254,72.203299,13.85,62.7,62.4,0,NORMAL
419099876,MT GANGA PIONEER,LPG Carrier,2026-09-04 06:25:00,19.876798,72.220651,13.29,63.2,62.4,0,NORMAL
419099876,MT GANGA PIONEER,LPG Carrier,2026-09-04 06:30:00,19.885535,72.238393,13.59,59.7,62.4,0,NORMAL
419099876,MT GANGA PIONEER,LPG Carrier,2026-09-04 06:35:00,19.894144,72.255879,13.39,64.6,62.4,0,NORMAL
419099876,MT GANGA PIONEER,LPG Carrier,2026-09-04 06:40:00,19.902983,72.273832,13.75,65.5,62.4,0,NORMAL
419099876,MT GANGA PIONEER,LPG Carrier,2026-09-04 06:45:00,19.911847,72.291835,13.79,59.0,62.4,0,NORMAL
419099876,MT GANGA PIONEER,LPG Carrier,2026-09-04 06:50:00,19.920561,72.309536,13.55,64.9,62.4,0,NORMAL
419099876,MT GANGA PIONEER,LPG Carrier,2026-09-04 06:55:00,19.929522,72.327739,13.94,61.3,62.4,0,NORMAL
419099876,MT GANGA PIONEER,LPG Carrier,2026-09-04 07:00:00,19.938564,72.346109,14.06,63.4,62.4,0,NORMAL
419099876,MT GANGA PIONEER,LPG Carrier,2026-09-04 07:05:00,19.947852,72.36498,14.45,65.3,62.4,0,NORMAL
419099876,MT GANGA PIONEER,LPG Carrier,2026-09-04 07:10:00,19.956761,72.38308,13.86,59.8,62.4,0,NORMAL
419099876,MT GANGA PIONEER,LPG Carrier,2026-09-04 07:15:00,19.965656,72.401153,13.83,62.9,62.4,0,NORMAL
419099876,MT GANGA PIONEER,LPG Carrier,2026-09-04 07:20:00,19.974409,72.41894,13.61,60.5,62.4,0,NORMAL
419099876,MT GANGA PIONEER,LPG Carrier,2026-09-04 07:25:00,19.983498,72.43741,14.14,62.3,62.4,0,NORMAL
419099876,MT GANGA PIONEER,LPG Carrier,2026-09-04 07:30:00,19.992508,72.45572,14.01,60.9,62.4,0,NORMAL
419099876,MT GANGA PIONEER,LPG Carrier,2026-09-04 07:35:00,20.00145,72.473893,13.91,60.6,62.4,0,NORMAL
419099876,MT GANGA PIONEER,LPG Carrier,2026-09-04 07:40:00,20.01068,72.492652,14.36,64.5,62.4,0,NORMAL
419099876,MT GANGA PIONEER,LPG Carrier,2026-09-04 07:45:00,20.019206,72.509983,13.26,60.6,62.4,0,NORMAL
419099876,MT GANGA PIONEER,LPG Carrier,2026-09-04 07:50:00,20.027822,72.527497,13.4,61.1,62.4,0,NORMAL
419099876,MT GANGA PIONEER,LPG Carrier,2026-09-04 07:55:00,20.036802,72.545751,13.97,59.5,62.4,0,NORMAL
419099876,MT GANGA PIONEER,LPG Carrier,2026-09-04 08:00:00,20.045566,72.563567,13.63,60.4,62.4,0,NORMAL
419099876,MT GANGA PIONEER,LPG Carrier,2026-09-04 08:05:00,20.05462,72.581975,14.08,62.6,62.4,0,NORMAL
419099876,MT GANGA PIONEER,LPG Carrier,2026-09-04 08:10:00,20.063436,72.599898,13.71,62.8,62.4,0,NORMAL
419099876,MT GANGA PIONEER,LPG Carrier,2026-09-04 08:15:00,20.072296,72.617914,13.78,61.9,62.4,0,NORMAL
419099876,MT GANGA PIONEER,LPG Carrier,2026-09-04 08:20:00,20.081727,72.637092,14.67,65.1,62.4,0,NORMAL
419099876,MT GANGA PIONEER,LPG Carrier,2026-09-04 08:25:00,20.090394,72.654716,13.48,64.1,62.4,0,NORMAL
419099876,MT GANGA PIONEER,LPG Carrier,2026-09-04 08:30:00,20.099604,72.673445,14.32,60.1,62.4,0,NORMAL
419099876,MT GANGA PIONEER,LPG Carrier,2026-09-04 08:35:00,20.108816,72.692179,14.33,65.5,62.4,0,NORMAL
419099876,MT GANGA PIONEER,LPG Carrier,2026-09-04 08:40:00,20.117528,72.709899,13.55,60.6,62.4,0,NORMAL
419099876,MT GANGA PIONEER,LPG Carrier,2026-09-04 08:45:00,20.126791,72.728739,14.41,63.0,62.4,0,NORMAL
419099876,MT GANGA PIONEER,LPG Carrier,2026-09-04 08:50:00,20.135934,72.747336,14.22,63.1,62.4,0,NORMAL
419099876,MT GANGA PIONEER,LPG Carrier,2026-09-04 08:55:00,20.145035,72.765851,14.16,59.8,62.4,0,NORMAL
419099876,MT GANGA PIONEER,LPG Carrier,2026-09-04 09:00:00,20.154306,72.78471,14.42,64.8,62.4,0,NORMAL
419099876,MT GANGA PIONEER,LPG Carrier,2026-09-04 09:05:00,20.163248,72.802902,13.91,62.3,62.4,0,NORMAL
419099876,MT GANGA PIONEER,LPG Carrier,2026-09-04 09:10:00,20.171855,72.820414,13.39,63.5,62.4,0,NORMAL
419099876,MT GANGA PIONEER,LPG Carrier,2026-09-04 09:15:00,20.181003,72.839028,14.23,62.3,62.4,0,NORMAL
419099876,MT GANGA PIONEER,LPG Carrier,2026-09-04 09:20:00,20.190294,72.857932,14.45,61.8,62.4,0,NORMAL
419099876,MT GANGA PIONEER,LPG Carrier,2026-09-04 09:25:00,20.19944,72.876543,14.23,60.4,62.4,0,NORMAL
419099876,MT GANGA PIONEER,LPG Carrier,2026-09-04 09:30:00,20.208435,72.894849,13.99,62.1,62.4,0,NORMAL
419099876,MT GANGA PIONEER,LPG Carrier,2026-09-04 09:35:00,20.217494,72.913285,14.09,61.7,62.4,0,NORMAL
419099876,MT GANGA PIONEER,LPG Carrier,2026-09-04 09:40:00,20.226461,72.931536,13.95,64.1,62.4,0,NORMAL
419099876,MT GANGA PIONEER,LPG Carrier,2026-09-04 09:45:00,20.23535,72.949628,13.83,59.2,62.4,0,NORMAL
419099876,MT GANGA PIONEER,LPG Carrier,2026-09-04 09:50:00,20.244801,72.968866,14.7,65.2,62.4,0,NORMAL
419099876,MT GANGA PIONEER,LPG Carrier,2026-09-04 09:55:00,20.25347,72.986512,13.48,63.8,62.4,0,NORMAL
419099876,MT GANGA PIONEER,LPG Carrier,2026-09-04 10:00:00,20.262341,73.004573,13.8,62.9,62.4,0,NORMAL
419099876,MT GANGA PIONEER,LPG Carrier,2026-09-04 10:05:00,20.271418,73.023052,14.12,62.0,62.4,0,NORMAL
419099876,MT GANGA PIONEER,LPG Carrier,2026-09-04 10:10:00,20.280218,73.040967,13.69,61.0,62.4,0,NORMAL
419099876,MT GANGA PIONEER,LPG Carrier,2026-09-04 10:15:00,20.288983,73.058814,13.63,60.8,62.4,0,NORMAL
419099876,MT GANGA PIONEER,LPG Carrier,2026-09-04 10:20:00,20.297967,73.077107,13.97,61.0,62.4,0,NORMAL
419099876,MT GANGA PIONEER,LPG Carrier,2026-09-04 10:25:00,20.307143,73.095794,14.27,65.4,62.4,0,NORMAL
419099876,MT GANGA PIONEER,LPG Carrier,2026-09-04 10:30:00,20.315995,73.11382,13.77,62.9,62.4,0,NORMAL
419099876,MT GANGA PIONEER,LPG Carrier,2026-09-04 10:35:00,20.325125,73.132413,14.2,63.4,62.4,0,NORMAL
419099876,MT GANGA PIONEER,LPG Carrier,2026-09-04 10:40:00,20.334146,73.150785,14.03,63.9,62.4,0,NORMAL
419099876,MT GANGA PIONEER,LPG Carrier,2026-09-04 10:45:00,20.343271,73.169371,14.19,59.9,62.4,0,NORMAL
419099876,MT GANGA PIONEER,LPG Carrier,2026-09-04 10:50:00,20.352495,73.188161,14.35,64.2,62.4,0,NORMAL
419099876,MT GANGA PIONEER,LPG Carrier,2026-09-04 10:55:00,20.3613,73.206097,13.69,62.5,62.4,0,NORMAL
419099876,MT GANGA PIONEER,LPG Carrier,2026-09-04 11:00:00,20.370477,73.224792,14.27,62.0,62.4,0,NORMAL
419099876,MT GANGA PIONEER,LPG Carrier,2026-09-04 11:05:00,20.379754,73.243692,14.43,67.1,62.4,0,NORMAL
419099876,MT GANGA PIONEER,LPG Carrier,2026-09-04 11:10:00,20.388553,73.261619,13.69,59.7,62.4,0,NORMAL
419099876,MT GANGA PIONEER,LPG Carrier,2026-09-04 11:15:00,20.397632,73.280118,14.12,63.9,62.4,0,NORMAL
419099876,MT GANGA PIONEER,LPG Carrier,2026-09-04 11:20:00,20.406574,73.298338,13.91,65.3,62.4,0,NORMAL
419099876,MT GANGA PIONEER,LPG Carrier,2026-09-04 11:25:00,20.415231,73.315978,13.46,63.8,62.4,0,NORMAL
419099876,MT GANGA PIONEER,LPG Carrier,2026-09-04 11:30:00,20.424076,73.334004,13.76,65.9,62.4,0,NORMAL
419099876,MT GANGA PIONEER,LPG Carrier,2026-09-04 11:35:00,20.433589,73.353392,14.8,60.9,62.4,0,NORMAL
419099876,MT GANGA PIONEER,LPG Carrier,2026-09-04 11:40:00,20.442449,73.371449,13.78,64.1,62.4,0,NORMAL
419099876,MT GANGA PIONEER,LPG Carrier,2026-09-04 11:45:00,20.451351,73.389593,13.85,62.3,62.4,0,NORMAL
419099876,MT GANGA PIONEER,LPG Carrier,2026-09-04 11:50:00,20.460358,73.407954,14.01,58.6,62.4,0,NORMAL
419099876,MT GANGA PIONEER,LPG Carrier,2026-09-04 11:55:00,20.469356,73.426295,13.99,61.0,62.4,0,NORMAL
419099876,MT GANGA PIONEER,LPG Carrier,2026-09-04 12:00:00,20.47823,73.444386,13.8,65.3,62.4,0,NORMAL
419099876,MT GANGA PIONEER,LPG Carrier,2026-09-04 12:05:00,20.486908,73.462078,13.5,64.0,62.4,0,NORMAL
419099876,MT GANGA PIONEER,LPG Carrier,2026-09-04 12:10:00,20.495837,73.480283,13.89,61.9,62.4,0,NORMAL
419099876,MT GANGA PIONEER,LPG Carrier,2026-09-04 12:15:00,20.505042,73.49905,14.32,63.1,62.4,0,NORMAL
419099876,MT GANGA PIONEER,LPG Carrier,2026-09-04 12:20:00,20.514189,73.517703,14.23,64.4,62.4,0,NORMAL
419099876,MT GANGA PIONEER,LPG Carrier,2026-09-04 12:25:00,20.523105,73.535884,13.87,61.2,62.4,0,NORMAL
419099876,MT GANGA PIONEER,LPG Carrier,2026-09-04 12:30:00,20.531827,73.553671,13.57,60.8,62.4,0,NORMAL
419099876,MT GANGA PIONEER,LPG Carrier,2026-09-04 12:35:00,20.541587,73.573575,15.18,64.9,62.4,0,NORMAL
419099876,MT GANGA PIONEER,LPG Carrier,2026-09-04 12:40:00,20.55024,73.591225,13.46,59.8,62.4,0,NORMAL
419099876,MT GANGA PIONEER,LPG Carrier,2026-09-04 12:45:00,20.559365,73.609837,14.19,63.5,62.4,0,NORMAL
419099876,MT GANGA PIONEER,LPG Carrier,2026-09-04 12:50:00,20.568508,73.628485,14.22,61.9,62.4,0,NORMAL
419099876,MT GANGA PIONEER,LPG Carrier,2026-09-04 12:55:00,20.577476,73.64678,13.95,63.1,62.4,0,NORMAL
419099876,MT GANGA PIONEER,LPG Carrier,2026-09-04 13:00:00,20.5865,73.665188,14.03,58.0,62.4,0,NORMAL
419099876,MT GANGA PIONEER,LPG Carrier,2026-09-04 13:05:00,20.595442,73.683431,13.91,60.7,62.4,0,NORMAL
419099876,MT GANGA PIONEER,LPG Carrier,2026-09-04 13:10:00,20.604488,73.701888,14.07,68.4,62.4,0,NORMAL
419099876,MT GANGA PIONEER,LPG Carrier,2026-09-04 13:15:00,20.613583,73.720446,14.15,61.8,62.4,0,NORMAL
419099876,MT GANGA PIONEER,LPG Carrier,2026-09-04 13:20:00,20.622821,73.739297,14.37,63.4,62.4,0,NORMAL
419099876,MT GANGA PIONEER,LPG Carrier,2026-09-04 13:25:00,20.631931,73.757885,14.17,63.6,62.4,0,NORMAL
419099876,MT GANGA PIONEER,LPG Carrier,2026-09-04 13:30:00,20.641461,73.777334,14.82,60.2,62.4,0,NORMAL
419099876,MT GANGA PIONEER,LPG Carrier,2026-09-04 13:35:00,20.650583,73.795953,14.19,60.6,62.4,0,NORMAL
419099876,MT GANGA PIONEER,LPG Carrier,2026-09-04 13:40:00,20.659727,73.814616,14.22,60.6,62.4,0,NORMAL
419099876,MT GANGA PIONEER,LPG Carrier,2026-09-04 13:45:00,20.668621,73.832769,13.83,61.8,62.4,0,NORMAL
419099876,MT GANGA PIONEER,LPG Carrier,2026-09-04 13:50:00,20.677873,73.851655,14.39,64.3,62.4,0,NORMAL
419099876,MT GANGA PIONEER,LPG Carrier,2026-09-04 13:55:00,20.686554,73.869375,13.5,62.5,62.4,0,NORMAL
419099876,MT GANGA PIONEER,LPG Carrier,2026-09-04 14:00:00,20.695372,73.887379,13.72,59.9,62.4,0,NORMAL
419099876,MT GANGA PIONEER,LPG Carrier,2026-09-04 14:05:00,20.704318,73.905641,13.91,61.8,62.4,0,NORMAL
419099876,MT GANGA PIONEER,LPG Carrier,2026-09-04 14:10:00,20.713943,73.925294,14.97,63.3,62.4,0,NORMAL
419099876,MT GANGA PIONEER,LPG Carrier,2026-09-04 14:15:00,20.72259,73.942949,13.45,61.3,62.4,0,NORMAL
419099876,MT GANGA PIONEER,LPG Carrier,2026-09-04 14:20:00,20.731853,73.961866,14.41,66.6,62.4,0,NORMAL
419099876,MT GANGA PIONEER,LPG Carrier,2026-09-04 14:25:00,20.740447,73.979414,13.37,58.7,62.4,0,NORMAL
419099876,MT GANGA PIONEER,LPG Carrier,2026-09-04 14:30:00,20.749929,73.998779,14.75,63.2,62.4,0,NORMAL
419099876,MT GANGA PIONEER,LPG Carrier,2026-09-04 14:35:00,20.758707,74.016706,13.65,63.5,62.4,0,NORMAL
419099876,MT GANGA PIONEER,LPG Carrier,2026-09-04 14:40:00,20.76703,74.033706,12.95,62.4,62.4,0,NORMAL
419099876,MT GANGA PIONEER,LPG Carrier,2026-09-04 14:45:00,20.776115,74.052264,14.13,64.3,62.4,0,NORMAL
419099876,MT GANGA PIONEER,LPG Carrier,2026-09-04 14:50:00,20.784856,74.070117,13.59,62.6,62.4,0,NORMAL
419099876,MT GANGA PIONEER,LPG Carrier,2026-09-04 14:55:00,20.793619,74.088019,13.63,62.9,62.4,0,NORMAL
419099876,MT GANGA PIONEER,LPG Carrier,2026-09-04 15:00:00,20.80239,74.105937,13.64,61.6,62.4,0,NORMAL
419099876,MT GANGA PIONEER,LPG Carrier,2026-09-04 15:05:00,20.811134,74.123804,13.6,63.7,62.4,0,NORMAL
419099876,MT GANGA PIONEER,LPG Carrier,2026-09-04 15:10:00,20.820356,74.142646,14.34,62.0,62.4,0,NORMAL
419099876,MT GANGA PIONEER,LPG Carrier,2026-09-04 15:15:00,20.829367,74.161058,14.02,59.5,62.4,0,NORMAL
419099876,MT GANGA PIONEER,LPG Carrier,2026-09-04 15:20:00,20.838291,74.179293,13.88,62.3,62.4,0,NORMAL
419099876,MT GANGA PIONEER,LPG Carrier,2026-09-04 15:25:00,20.847966,74.199065,15.05,60.2,62.4,0,NORMAL
419099876,MT GANGA PIONEER,LPG Carrier,2026-09-04 15:30:00,20.857344,74.21823,14.59,64.4,62.4,0,NORMAL
419099876,MT GANGA PIONEER,LPG Carrier,2026-09-04 15:35:00,20.866417,74.236774,14.11,65.9,62.4,0,NORMAL
419099876,MT GANGA PIONEER,LPG Carrier,2026-09-04 15:40:00,20.875514,74.255367,14.15,63.2,62.4,0,NORMAL
419099876,MT GANGA PIONEER,LPG Carrier,2026-09-04 15:45:00,20.884501,74.273738,13.98,64.9,62.4,0,NORMAL
419099876,MT GANGA PIONEER,LPG Carrier,2026-09-04 15:50:00,20.893784,74.292714,14.44,61.2,62.4,0,NORMAL
419099876,MT GANGA PIONEER,LPG Carrier,2026-09-04 15:55:00,20.902446,74.310421,13.47,62.0,62.4,0,NORMAL
419099876,MT GANGA PIONEER,LPG Carrier,2026-09-04 16:00:00,20.911242,74.328403,13.68,62.3,62.4,0,NORMAL
419099876,MT GANGA PIONEER,LPG Carrier,2026-09-04 16:05:00,20.920561,74.347457,14.49,61.5,62.4,0,NORMAL
419099876,MT GANGA PIONEER,LPG Carrier,2026-09-04 16:10:00,20.929551,74.365838,13.98,62.5,62.4,0,NORMAL
419099876,MT GANGA PIONEER,LPG Carrier,2026-09-04 16:15:00,20.93877,74.38469,14.34,57.9,62.4,0,NORMAL
419099876,MT GANGA PIONEER,LPG Carrier,2026-09-04 16:20:00,20.947615,74.402777,13.76,62.8,62.4,0,NORMAL
419099876,MT GANGA PIONEER,LPG Carrier,2026-09-04 16:25:00,20.956925,74.421816,14.48,61.4,62.4,0,NORMAL
419099876,MT GANGA PIONEER,LPG Carrier,2026-09-04 16:30:00,20.965443,74.439238,13.25,63.7,62.4,0,NORMAL
419099876,MT GANGA PIONEER,LPG Carrier,2026-09-04 16:35:00,20.974281,74.457313,13.75,60.0,62.4,0,NORMAL
